--
-- PostgreSQL database dump
--

\restrict EpnQFtpB8h7z9MvraQ27aHjV6PnsNVOcBpX7cNP8luJSJAED4ZwklqliLhIG0BF

-- Dumped from database version 18.3
-- Dumped by pg_dump version 18.3

SET statement_timeout = 0;
SET lock_timeout = 0;
SET idle_in_transaction_session_timeout = 0;
SET transaction_timeout = 0;
SET client_encoding = 'UTF8';
SET standard_conforming_strings = on;
SELECT pg_catalog.set_config('search_path', '', false);
SET check_function_bodies = false;
SET xmloption = content;
SET client_min_messages = warning;
SET row_security = off;

SET default_tablespace = '';

SET default_table_access_method = heap;

--
-- Name: ausencias_automaticas; Type: TABLE; Schema: public; Owner: uptaiet_user
--

CREATE TABLE public.ausencias_automaticas (
    id bigint NOT NULL,
    fecha date NOT NULL,
    justificada boolean NOT NULL,
    observacion text NOT NULL,
    created_at timestamp with time zone NOT NULL,
    empleado_id bigint NOT NULL
);


ALTER TABLE public.ausencias_automaticas OWNER TO uptaiet_user;

--
-- Name: ausencias_automaticas_id_seq; Type: SEQUENCE; Schema: public; Owner: uptaiet_user
--

ALTER TABLE public.ausencias_automaticas ALTER COLUMN id ADD GENERATED BY DEFAULT AS IDENTITY (
    SEQUENCE NAME public.ausencias_automaticas_id_seq
    START WITH 1
    INCREMENT BY 1
    NO MINVALUE
    NO MAXVALUE
    CACHE 1
);


--
-- Name: auth_group; Type: TABLE; Schema: public; Owner: uptaiet_user
--

CREATE TABLE public.auth_group (
    id integer NOT NULL,
    name character varying(150) NOT NULL
);


ALTER TABLE public.auth_group OWNER TO uptaiet_user;

--
-- Name: auth_group_id_seq; Type: SEQUENCE; Schema: public; Owner: uptaiet_user
--

ALTER TABLE public.auth_group ALTER COLUMN id ADD GENERATED BY DEFAULT AS IDENTITY (
    SEQUENCE NAME public.auth_group_id_seq
    START WITH 1
    INCREMENT BY 1
    NO MINVALUE
    NO MAXVALUE
    CACHE 1
);


--
-- Name: auth_group_permissions; Type: TABLE; Schema: public; Owner: uptaiet_user
--

CREATE TABLE public.auth_group_permissions (
    id bigint NOT NULL,
    group_id integer NOT NULL,
    permission_id integer NOT NULL
);


ALTER TABLE public.auth_group_permissions OWNER TO uptaiet_user;

--
-- Name: auth_group_permissions_id_seq; Type: SEQUENCE; Schema: public; Owner: uptaiet_user
--

ALTER TABLE public.auth_group_permissions ALTER COLUMN id ADD GENERATED BY DEFAULT AS IDENTITY (
    SEQUENCE NAME public.auth_group_permissions_id_seq
    START WITH 1
    INCREMENT BY 1
    NO MINVALUE
    NO MAXVALUE
    CACHE 1
);


--
-- Name: auth_permission; Type: TABLE; Schema: public; Owner: uptaiet_user
--

CREATE TABLE public.auth_permission (
    id integer NOT NULL,
    name character varying(255) NOT NULL,
    content_type_id integer NOT NULL,
    codename character varying(100) NOT NULL
);


ALTER TABLE public.auth_permission OWNER TO uptaiet_user;

--
-- Name: auth_permission_id_seq; Type: SEQUENCE; Schema: public; Owner: uptaiet_user
--

ALTER TABLE public.auth_permission ALTER COLUMN id ADD GENERATED BY DEFAULT AS IDENTITY (
    SEQUENCE NAME public.auth_permission_id_seq
    START WITH 1
    INCREMENT BY 1
    NO MINVALUE
    NO MAXVALUE
    CACHE 1
);


--
-- Name: configuracion_sistema; Type: TABLE; Schema: public; Owner: uptaiet_user
--

CREATE TABLE public.configuracion_sistema (
    id bigint NOT NULL,
    hora_almuerzo_inicio time without time zone NOT NULL,
    hora_almuerzo_fin time without time zone NOT NULL,
    tolerancia_almuerzo_min integer NOT NULL,
    horas_jornada_completa numeric(4,1) NOT NULL,
    notificar_retrasos boolean NOT NULL,
    notificar_ausencias boolean NOT NULL,
    nombre_institucion character varying(200) NOT NULL,
    sede character varying(100) NOT NULL,
    logo_url character varying(500) NOT NULL,
    updated_at timestamp with time zone NOT NULL,
    updated_by_id bigint
);


ALTER TABLE public.configuracion_sistema OWNER TO uptaiet_user;

--
-- Name: configuracion_sistema_id_seq; Type: SEQUENCE; Schema: public; Owner: uptaiet_user
--

ALTER TABLE public.configuracion_sistema ALTER COLUMN id ADD GENERATED BY DEFAULT AS IDENTITY (
    SEQUENCE NAME public.configuracion_sistema_id_seq
    START WITH 1
    INCREMENT BY 1
    NO MINVALUE
    NO MAXVALUE
    CACHE 1
);


--
-- Name: departamentos; Type: TABLE; Schema: public; Owner: uptaiet_user
--

CREATE TABLE public.departamentos (
    id bigint NOT NULL,
    nombre character varying(100) NOT NULL,
    codigo character varying(20) NOT NULL,
    descripcion text NOT NULL,
    activo boolean NOT NULL,
    created_at timestamp with time zone NOT NULL
);


ALTER TABLE public.departamentos OWNER TO uptaiet_user;

--
-- Name: departamentos_id_seq; Type: SEQUENCE; Schema: public; Owner: uptaiet_user
--

ALTER TABLE public.departamentos ALTER COLUMN id ADD GENERATED BY DEFAULT AS IDENTITY (
    SEQUENCE NAME public.departamentos_id_seq
    START WITH 1
    INCREMENT BY 1
    NO MINVALUE
    NO MAXVALUE
    CACHE 1
);


--
-- Name: dias_feriados; Type: TABLE; Schema: public; Owner: uptaiet_user
--

CREATE TABLE public.dias_feriados (
    id bigint NOT NULL,
    nombre character varying(200) NOT NULL,
    fecha date NOT NULL,
    obligatorio boolean NOT NULL,
    descripcion text NOT NULL,
    created_at timestamp with time zone NOT NULL
);


ALTER TABLE public.dias_feriados OWNER TO uptaiet_user;

--
-- Name: dias_feriados_id_seq; Type: SEQUENCE; Schema: public; Owner: uptaiet_user
--

ALTER TABLE public.dias_feriados ALTER COLUMN id ADD GENERATED BY DEFAULT AS IDENTITY (
    SEQUENCE NAME public.dias_feriados_id_seq
    START WITH 1
    INCREMENT BY 1
    NO MINVALUE
    NO MAXVALUE
    CACHE 1
);


--
-- Name: dispositivos_biometricos; Type: TABLE; Schema: public; Owner: uptaiet_user
--

CREATE TABLE public.dispositivos_biometricos (
    id bigint NOT NULL,
    nombre character varying(100) NOT NULL,
    modelo character varying(50) NOT NULL,
    numero_serie character varying(100) NOT NULL,
    ubicacion character varying(100) NOT NULL,
    activo boolean NOT NULL,
    ultima_sincronizacion timestamp with time zone,
    created_at timestamp with time zone NOT NULL
);


ALTER TABLE public.dispositivos_biometricos OWNER TO uptaiet_user;

--
-- Name: dispositivos_biometricos_id_seq; Type: SEQUENCE; Schema: public; Owner: uptaiet_user
--

ALTER TABLE public.dispositivos_biometricos ALTER COLUMN id ADD GENERATED BY DEFAULT AS IDENTITY (
    SEQUENCE NAME public.dispositivos_biometricos_id_seq
    START WITH 1
    INCREMENT BY 1
    NO MINVALUE
    NO MAXVALUE
    CACHE 1
);


--
-- Name: django_admin_log; Type: TABLE; Schema: public; Owner: uptaiet_user
--

CREATE TABLE public.django_admin_log (
    id integer NOT NULL,
    action_time timestamp with time zone NOT NULL,
    object_id text,
    object_repr character varying(200) NOT NULL,
    action_flag smallint NOT NULL,
    change_message text NOT NULL,
    content_type_id integer,
    user_id bigint NOT NULL,
    CONSTRAINT django_admin_log_action_flag_check CHECK ((action_flag >= 0))
);


ALTER TABLE public.django_admin_log OWNER TO uptaiet_user;

--
-- Name: django_admin_log_id_seq; Type: SEQUENCE; Schema: public; Owner: uptaiet_user
--

ALTER TABLE public.django_admin_log ALTER COLUMN id ADD GENERATED BY DEFAULT AS IDENTITY (
    SEQUENCE NAME public.django_admin_log_id_seq
    START WITH 1
    INCREMENT BY 1
    NO MINVALUE
    NO MAXVALUE
    CACHE 1
);


--
-- Name: django_content_type; Type: TABLE; Schema: public; Owner: uptaiet_user
--

CREATE TABLE public.django_content_type (
    id integer NOT NULL,
    app_label character varying(100) NOT NULL,
    model character varying(100) NOT NULL
);


ALTER TABLE public.django_content_type OWNER TO uptaiet_user;

--
-- Name: django_content_type_id_seq; Type: SEQUENCE; Schema: public; Owner: uptaiet_user
--

ALTER TABLE public.django_content_type ALTER COLUMN id ADD GENERATED BY DEFAULT AS IDENTITY (
    SEQUENCE NAME public.django_content_type_id_seq
    START WITH 1
    INCREMENT BY 1
    NO MINVALUE
    NO MAXVALUE
    CACHE 1
);


--
-- Name: django_migrations; Type: TABLE; Schema: public; Owner: uptaiet_user
--

CREATE TABLE public.django_migrations (
    id bigint NOT NULL,
    app character varying(255) NOT NULL,
    name character varying(255) NOT NULL,
    applied timestamp with time zone NOT NULL
);


ALTER TABLE public.django_migrations OWNER TO uptaiet_user;

--
-- Name: django_migrations_id_seq; Type: SEQUENCE; Schema: public; Owner: uptaiet_user
--

ALTER TABLE public.django_migrations ALTER COLUMN id ADD GENERATED BY DEFAULT AS IDENTITY (
    SEQUENCE NAME public.django_migrations_id_seq
    START WITH 1
    INCREMENT BY 1
    NO MINVALUE
    NO MAXVALUE
    CACHE 1
);


--
-- Name: django_session; Type: TABLE; Schema: public; Owner: uptaiet_user
--

CREATE TABLE public.django_session (
    session_key character varying(40) NOT NULL,
    session_data text NOT NULL,
    expire_date timestamp with time zone NOT NULL
);


ALTER TABLE public.django_session OWNER TO uptaiet_user;

--
-- Name: empleados; Type: TABLE; Schema: public; Owner: uptaiet_user
--

CREATE TABLE public.empleados (
    id bigint NOT NULL,
    cedula character varying(15) NOT NULL,
    nombres character varying(100) NOT NULL,
    apellidos character varying(100) NOT NULL,
    tipo character varying(20) NOT NULL,
    cargo character varying(100) NOT NULL,
    email character varying(254) NOT NULL,
    telefono character varying(20) NOT NULL,
    foto character varying(100),
    activo boolean NOT NULL,
    fecha_ingreso date NOT NULL,
    created_at timestamp with time zone NOT NULL,
    updated_at timestamp with time zone NOT NULL,
    departamento_id bigint CONSTRAINT "empleados_Departamento_id_not_null" NOT NULL
);


ALTER TABLE public.empleados OWNER TO uptaiet_user;

--
-- Name: empleados_id_seq; Type: SEQUENCE; Schema: public; Owner: uptaiet_user
--

ALTER TABLE public.empleados ALTER COLUMN id ADD GENERATED BY DEFAULT AS IDENTITY (
    SEQUENCE NAME public.empleados_id_seq
    START WITH 1
    INCREMENT BY 1
    NO MINVALUE
    NO MAXVALUE
    CACHE 1
);


--
-- Name: horarios; Type: TABLE; Schema: public; Owner: uptaiet_user
--

CREATE TABLE public.horarios (
    id bigint NOT NULL,
    dia character varying(10) NOT NULL,
    hora_entrada time without time zone NOT NULL,
    hora_salida time without time zone NOT NULL,
    tolerancia_min integer NOT NULL,
    activo boolean NOT NULL,
    empleado_id bigint NOT NULL
);


ALTER TABLE public.horarios OWNER TO uptaiet_user;

--
-- Name: horarios_id_seq; Type: SEQUENCE; Schema: public; Owner: uptaiet_user
--

ALTER TABLE public.horarios ALTER COLUMN id ADD GENERATED BY DEFAULT AS IDENTITY (
    SEQUENCE NAME public.horarios_id_seq
    START WITH 1
    INCREMENT BY 1
    NO MINVALUE
    NO MAXVALUE
    CACHE 1
);


--
-- Name: huellas_digitales; Type: TABLE; Schema: public; Owner: uptaiet_user
--

CREATE TABLE public.huellas_digitales (
    id bigint NOT NULL,
    numero_dedo integer NOT NULL,
    template_encriptado bytea NOT NULL,
    calidad integer NOT NULL,
    activa boolean NOT NULL,
    intentos_fallidos integer NOT NULL,
    fecha_registro timestamp with time zone NOT NULL,
    empleado_id bigint NOT NULL,
    registrado_por_id bigint
);


ALTER TABLE public.huellas_digitales OWNER TO uptaiet_user;

--
-- Name: huellas_digitales_id_seq; Type: SEQUENCE; Schema: public; Owner: uptaiet_user
--

ALTER TABLE public.huellas_digitales ALTER COLUMN id ADD GENERATED BY DEFAULT AS IDENTITY (
    SEQUENCE NAME public.huellas_digitales_id_seq
    START WITH 1
    INCREMENT BY 1
    NO MINVALUE
    NO MAXVALUE
    CACHE 1
);


--
-- Name: log_auditoria; Type: TABLE; Schema: public; Owner: uptaiet_user
--

CREATE TABLE public.log_auditoria (
    id bigint NOT NULL,
    accion character varying(200) NOT NULL,
    tabla_afectada character varying(100) NOT NULL,
    registro_id integer,
    datos_antes jsonb,
    datos_despues jsonb,
    ip inet,
    "timestamp" timestamp with time zone NOT NULL,
    usuario_id bigint
);


ALTER TABLE public.log_auditoria OWNER TO uptaiet_user;

--
-- Name: log_auditoria_id_seq; Type: SEQUENCE; Schema: public; Owner: uptaiet_user
--

ALTER TABLE public.log_auditoria ALTER COLUMN id ADD GENERATED BY DEFAULT AS IDENTITY (
    SEQUENCE NAME public.log_auditoria_id_seq
    START WITH 1
    INCREMENT BY 1
    NO MINVALUE
    NO MAXVALUE
    CACHE 1
);


--
-- Name: permisos_empleados; Type: TABLE; Schema: public; Owner: uptaiet_user
--

CREATE TABLE public.permisos_empleados (
    id bigint NOT NULL,
    tipo character varying(20) NOT NULL,
    fecha_inicio date NOT NULL,
    fecha_fin date NOT NULL,
    motivo text NOT NULL,
    documento character varying(100),
    estado character varying(10) NOT NULL,
    observacion text NOT NULL,
    activo boolean NOT NULL,
    created_at timestamp with time zone NOT NULL,
    updated_at timestamp with time zone NOT NULL,
    aprobado_por_id bigint,
    empleado_id bigint NOT NULL
);


ALTER TABLE public.permisos_empleados OWNER TO uptaiet_user;

--
-- Name: permisos_empleados_id_seq; Type: SEQUENCE; Schema: public; Owner: uptaiet_user
--

ALTER TABLE public.permisos_empleados ALTER COLUMN id ADD GENERATED BY DEFAULT AS IDENTITY (
    SEQUENCE NAME public.permisos_empleados_id_seq
    START WITH 1
    INCREMENT BY 1
    NO MINVALUE
    NO MAXVALUE
    CACHE 1
);


--
-- Name: permisos_modulos; Type: TABLE; Schema: public; Owner: uptaiet_user
--

CREATE TABLE public.permisos_modulos (
    id bigint NOT NULL,
    modulo character varying(30) NOT NULL,
    activo boolean NOT NULL,
    usuario_id bigint NOT NULL
);


ALTER TABLE public.permisos_modulos OWNER TO uptaiet_user;

--
-- Name: permisos_modulos_id_seq; Type: SEQUENCE; Schema: public; Owner: uptaiet_user
--

ALTER TABLE public.permisos_modulos ALTER COLUMN id ADD GENERATED BY DEFAULT AS IDENTITY (
    SEQUENCE NAME public.permisos_modulos_id_seq
    START WITH 1
    INCREMENT BY 1
    NO MINVALUE
    NO MAXVALUE
    CACHE 1
);


--
-- Name: pins_seguridad; Type: TABLE; Schema: public; Owner: uptaiet_user
--

CREATE TABLE public.pins_seguridad (
    id bigint NOT NULL,
    pin_hash character varying(128) NOT NULL,
    activo boolean NOT NULL,
    intentos integer NOT NULL,
    bloqueado boolean NOT NULL,
    created_at timestamp with time zone NOT NULL,
    usuario_id bigint NOT NULL
);


ALTER TABLE public.pins_seguridad OWNER TO uptaiet_user;

--
-- Name: pins_seguridad_id_seq; Type: SEQUENCE; Schema: public; Owner: uptaiet_user
--

ALTER TABLE public.pins_seguridad ALTER COLUMN id ADD GENERATED BY DEFAULT AS IDENTITY (
    SEQUENCE NAME public.pins_seguridad_id_seq
    START WITH 1
    INCREMENT BY 1
    NO MINVALUE
    NO MAXVALUE
    CACHE 1
);


--
-- Name: preguntas_seguridad; Type: TABLE; Schema: public; Owner: uptaiet_user
--

CREATE TABLE public.preguntas_seguridad (
    id bigint NOT NULL,
    pregunta_1 character varying(50) NOT NULL,
    respuesta_1_hash character varying(128) NOT NULL,
    pregunta_2 character varying(50) NOT NULL,
    respuesta_2_hash character varying(128) NOT NULL,
    created_at timestamp with time zone NOT NULL,
    updated_at timestamp with time zone NOT NULL,
    usuario_id bigint NOT NULL
);


ALTER TABLE public.preguntas_seguridad OWNER TO uptaiet_user;

--
-- Name: preguntas_seguridad_id_seq; Type: SEQUENCE; Schema: public; Owner: uptaiet_user
--

ALTER TABLE public.preguntas_seguridad ALTER COLUMN id ADD GENERATED BY DEFAULT AS IDENTITY (
    SEQUENCE NAME public.preguntas_seguridad_id_seq
    START WITH 1
    INCREMENT BY 1
    NO MINVALUE
    NO MAXVALUE
    CACHE 1
);


--
-- Name: registros_asistencia; Type: TABLE; Schema: public; Owner: uptaiet_user
--

CREATE TABLE public.registros_asistencia (
    id bigint NOT NULL,
    tipo character varying(20) NOT NULL,
    estado character varying(15) NOT NULL,
    "timestamp" timestamp with time zone NOT NULL,
    score_verificacion integer NOT NULL,
    es_retardo boolean NOT NULL,
    minutos_retardo integer NOT NULL,
    horas_trabajadas numeric(5,2),
    ip_origen inet,
    observacion text NOT NULL,
    dispositivo_id bigint,
    empleado_id bigint NOT NULL,
    es_almuerzo boolean NOT NULL,
    horas_extras numeric(5,2) NOT NULL,
    horas_faltantes numeric(5,2) NOT NULL,
    minutos_antes integer NOT NULL,
    sin_horario boolean NOT NULL
);


ALTER TABLE public.registros_asistencia OWNER TO uptaiet_user;

--
-- Name: registros_asistencia_id_seq; Type: SEQUENCE; Schema: public; Owner: uptaiet_user
--

ALTER TABLE public.registros_asistencia ALTER COLUMN id ADD GENERATED BY DEFAULT AS IDENTITY (
    SEQUENCE NAME public.registros_asistencia_id_seq
    START WITH 1
    INCREMENT BY 1
    NO MINVALUE
    NO MAXVALUE
    CACHE 1
);


--
-- Name: tokens_recuperacion; Type: TABLE; Schema: public; Owner: uptaiet_user
--

CREATE TABLE public.tokens_recuperacion (
    id bigint NOT NULL,
    token character varying(64) NOT NULL,
    usado boolean NOT NULL,
    expira_en timestamp with time zone NOT NULL,
    created_at timestamp with time zone NOT NULL,
    usuario_id bigint NOT NULL
);


ALTER TABLE public.tokens_recuperacion OWNER TO uptaiet_user;

--
-- Name: tokens_recuperacion_id_seq; Type: SEQUENCE; Schema: public; Owner: uptaiet_user
--

ALTER TABLE public.tokens_recuperacion ALTER COLUMN id ADD GENERATED BY DEFAULT AS IDENTITY (
    SEQUENCE NAME public.tokens_recuperacion_id_seq
    START WITH 1
    INCREMENT BY 1
    NO MINVALUE
    NO MAXVALUE
    CACHE 1
);


--
-- Name: usuarios; Type: TABLE; Schema: public; Owner: uptaiet_user
--

CREATE TABLE public.usuarios (
    id bigint NOT NULL,
    password character varying(128) NOT NULL,
    last_login timestamp with time zone,
    is_superuser boolean NOT NULL,
    username character varying(150) NOT NULL,
    first_name character varying(150) NOT NULL,
    last_name character varying(150) NOT NULL,
    email character varying(254) NOT NULL,
    is_staff boolean NOT NULL,
    is_active boolean NOT NULL,
    date_joined timestamp with time zone NOT NULL,
    rol character varying(20) NOT NULL,
    telefono character varying(20) NOT NULL,
    activo_sistema boolean NOT NULL,
    ultimo_acceso_ip inet
);


ALTER TABLE public.usuarios OWNER TO uptaiet_user;

--
-- Name: usuarios_groups; Type: TABLE; Schema: public; Owner: uptaiet_user
--

CREATE TABLE public.usuarios_groups (
    id bigint NOT NULL,
    usuario_id bigint NOT NULL,
    group_id integer NOT NULL
);


ALTER TABLE public.usuarios_groups OWNER TO uptaiet_user;

--
-- Name: usuarios_groups_id_seq; Type: SEQUENCE; Schema: public; Owner: uptaiet_user
--

ALTER TABLE public.usuarios_groups ALTER COLUMN id ADD GENERATED BY DEFAULT AS IDENTITY (
    SEQUENCE NAME public.usuarios_groups_id_seq
    START WITH 1
    INCREMENT BY 1
    NO MINVALUE
    NO MAXVALUE
    CACHE 1
);


--
-- Name: usuarios_id_seq; Type: SEQUENCE; Schema: public; Owner: uptaiet_user
--

ALTER TABLE public.usuarios ALTER COLUMN id ADD GENERATED BY DEFAULT AS IDENTITY (
    SEQUENCE NAME public.usuarios_id_seq
    START WITH 1
    INCREMENT BY 1
    NO MINVALUE
    NO MAXVALUE
    CACHE 1
);


--
-- Name: usuarios_user_permissions; Type: TABLE; Schema: public; Owner: uptaiet_user
--

CREATE TABLE public.usuarios_user_permissions (
    id bigint NOT NULL,
    usuario_id bigint NOT NULL,
    permission_id integer NOT NULL
);


ALTER TABLE public.usuarios_user_permissions OWNER TO uptaiet_user;

--
-- Name: usuarios_user_permissions_id_seq; Type: SEQUENCE; Schema: public; Owner: uptaiet_user
--

ALTER TABLE public.usuarios_user_permissions ALTER COLUMN id ADD GENERATED BY DEFAULT AS IDENTITY (
    SEQUENCE NAME public.usuarios_user_permissions_id_seq
    START WITH 1
    INCREMENT BY 1
    NO MINVALUE
    NO MAXVALUE
    CACHE 1
);


--
-- Data for Name: ausencias_automaticas; Type: TABLE DATA; Schema: public; Owner: uptaiet_user
--

COPY public.ausencias_automaticas (id, fecha, justificada, observacion, created_at, empleado_id) FROM stdin;
1	2026-05-08	t	cita medica	2026-05-12 00:42:04.032904-04	2
2	2026-05-21	f		2026-05-21 00:20:58.89702-04	2
\.


--
-- Data for Name: auth_group; Type: TABLE DATA; Schema: public; Owner: uptaiet_user
--

COPY public.auth_group (id, name) FROM stdin;
\.


--
-- Data for Name: auth_group_permissions; Type: TABLE DATA; Schema: public; Owner: uptaiet_user
--

COPY public.auth_group_permissions (id, group_id, permission_id) FROM stdin;
\.


--
-- Data for Name: auth_permission; Type: TABLE DATA; Schema: public; Owner: uptaiet_user
--

COPY public.auth_permission (id, name, content_type_id, codename) FROM stdin;
1	Can add log entry	1	add_logentry
2	Can change log entry	1	change_logentry
3	Can delete log entry	1	delete_logentry
4	Can view log entry	1	view_logentry
5	Can add permission	2	add_permission
6	Can change permission	2	change_permission
7	Can delete permission	2	delete_permission
8	Can view permission	2	view_permission
9	Can add group	3	add_group
10	Can change group	3	change_group
11	Can delete group	3	delete_group
12	Can view group	3	view_group
13	Can add content type	4	add_contenttype
14	Can change content type	4	change_contenttype
15	Can delete content type	4	delete_contenttype
16	Can view content type	4	view_contenttype
17	Can add session	5	add_session
18	Can change session	5	change_session
19	Can delete session	5	delete_session
20	Can view session	5	view_session
21	Can add Usuario	6	add_usuario
22	Can change Usuario	6	change_usuario
23	Can delete Usuario	6	delete_usuario
24	Can view Usuario	6	view_usuario
25	Can add Departamento	7	add_departamento
26	Can change Departamento	7	change_departamento
27	Can delete Departamento	7	delete_departamento
28	Can view Departamento	7	view_departamento
29	Can add Empleado	8	add_empleado
30	Can change Empleado	8	change_empleado
31	Can delete Empleado	8	delete_empleado
32	Can view Empleado	8	view_empleado
33	Can add Horario	9	add_horario
34	Can change Horario	9	change_horario
35	Can delete Horario	9	delete_horario
36	Can view Horario	9	view_horario
37	Can add Dispositivo Biométrico	10	add_dispositivobiometrico
38	Can change Dispositivo Biométrico	10	change_dispositivobiometrico
39	Can delete Dispositivo Biométrico	10	delete_dispositivobiometrico
40	Can view Dispositivo Biométrico	10	view_dispositivobiometrico
41	Can add Huella digital	11	add_huelladigital
42	Can change Huella digital	11	change_huelladigital
43	Can delete Huella digital	11	delete_huelladigital
44	Can view Huella digital	11	view_huelladigital
45	Can add Registro de asistencia	12	add_registroasistencia
46	Can change Registro de asistencia	12	change_registroasistencia
47	Can delete Registro de asistencia	12	delete_registroasistencia
48	Can view Registro de asistencia	12	view_registroasistencia
49	Can add Log de auditoría	13	add_logauditoria
50	Can change Log de auditoría	13	change_logauditoria
51	Can delete Log de auditoría	13	delete_logauditoria
52	Can view Log de auditoría	13	view_logauditoria
53	Can add Ausencia automática	14	add_ausenciaautomatica
54	Can change Ausencia automática	14	change_ausenciaautomatica
55	Can delete Ausencia automática	14	delete_ausenciaautomatica
56	Can view Ausencia automática	14	view_ausenciaautomatica
57	Can add Día feriado	15	add_diaferiado
58	Can change Día feriado	15	change_diaferiado
59	Can delete Día feriado	15	delete_diaferiado
60	Can view Día feriado	15	view_diaferiado
61	Can add Permiso de empleado	16	add_permisoempleado
62	Can change Permiso de empleado	16	change_permisoempleado
63	Can delete Permiso de empleado	16	delete_permisoempleado
64	Can view Permiso de empleado	16	view_permisoempleado
65	Can add permiso modulo	17	add_permisomodulo
66	Can change permiso modulo	17	change_permisomodulo
67	Can delete permiso modulo	17	delete_permisomodulo
68	Can view permiso modulo	17	view_permisomodulo
69	Can add Configuración del sistema	18	add_configuracionsistema
70	Can change Configuración del sistema	18	change_configuracionsistema
71	Can delete Configuración del sistema	18	delete_configuracionsistema
72	Can view Configuración del sistema	18	view_configuracionsistema
73	Can add token recuperacion	19	add_tokenrecuperacion
74	Can change token recuperacion	19	change_tokenrecuperacion
75	Can delete token recuperacion	19	delete_tokenrecuperacion
76	Can view token recuperacion	19	view_tokenrecuperacion
77	Can add pregunta seguridad	20	add_preguntaseguridad
78	Can change pregunta seguridad	20	change_preguntaseguridad
79	Can delete pregunta seguridad	20	delete_preguntaseguridad
80	Can view pregunta seguridad	20	view_preguntaseguridad
81	Can add pin seguridad	21	add_pinseguridad
82	Can change pin seguridad	21	change_pinseguridad
83	Can delete pin seguridad	21	delete_pinseguridad
84	Can view pin seguridad	21	view_pinseguridad
\.


--
-- Data for Name: configuracion_sistema; Type: TABLE DATA; Schema: public; Owner: uptaiet_user
--

COPY public.configuracion_sistema (id, hora_almuerzo_inicio, hora_almuerzo_fin, tolerancia_almuerzo_min, horas_jornada_completa, notificar_retrasos, notificar_ausencias, nombre_institucion, sede, logo_url, updated_at, updated_by_id) FROM stdin;
1	12:00:00	13:00:00	10	8.0	t	t	Universidad Politécnica Territorial Agroindustrial del Estado Táchira  UPTAIET	Sede Rubio		2026-06-06 13:51:45.175098-04	1
\.


--
-- Data for Name: departamentos; Type: TABLE DATA; Schema: public; Owner: uptaiet_user
--

COPY public.departamentos (id, nombre, codigo, descripcion, activo, created_at) FROM stdin;
1	Informática	001		t	2026-05-10 15:56:58.186215-04
2	Alimentos	002		t	2026-05-12 00:32:30.718871-04
3	personal de limpieza	003		t	2026-05-12 00:35:18.554204-04
4	Civil	004		t	2026-05-26 00:02:39.538956-04
5	Agroindustrial	005		t	2026-05-26 00:03:47.376752-04
\.


--
-- Data for Name: dias_feriados; Type: TABLE DATA; Schema: public; Owner: uptaiet_user
--

COPY public.dias_feriados (id, nombre, fecha, obligatorio, descripcion, created_at) FROM stdin;
1	Día del trabajador	2026-05-01	t		2026-05-25 23:32:01.888878-04
\.


--
-- Data for Name: dispositivos_biometricos; Type: TABLE DATA; Schema: public; Owner: uptaiet_user
--

COPY public.dispositivos_biometricos (id, nombre, modelo, numero_serie, ubicacion, activo, ultima_sincronizacion, created_at) FROM stdin;
1	Teco ZK9500	ZK9500	1967254800005	Recepción	t	\N	2026-05-31 16:47:14.526036-04
\.


--
-- Data for Name: django_admin_log; Type: TABLE DATA; Schema: public; Owner: uptaiet_user
--

COPY public.django_admin_log (id, action_time, object_id, object_repr, action_flag, change_message, content_type_id, user_id) FROM stdin;
1	2026-05-10 15:56:58.194202-04	1	001 - Informática	1	[{"added": {}}]	7	1
2	2026-05-10 16:03:07.199479-04	1	V-12345678 - García Moreno, Juan Camilo	1	[{"added": {}}]	8	1
3	2026-05-10 16:03:51.614195-04	1	V-12345678 - García Moreno, Juan Camilo	2	[]	8	1
4	2026-05-10 16:03:58.466774-04	1	V-12345678 - García Moreno, Juan Camilo	2	[]	8	1
5	2026-05-12 00:31:26.108979-04	1	Juan Camilo García Moreno - Lunes 07:00:00 - 17:00:00	1	[{"added": {}}]	9	1
6	2026-05-12 00:32:30.720982-04	2	002 - Alimentos	1	[{"added": {}}]	7	1
7	2026-05-12 00:35:18.55584-04	3	003 - personal de limpieza	1	[{"added": {}}]	7	1
8	2026-05-12 00:36:49.772853-04	2	V-876543210 - Loza Parada, Maria Isabel	1	[{"added": {}}]	8	1
9	2026-05-12 00:39:10.072889-04	1	medico	1	[{"added": {}}]	3	1
10	2026-05-12 00:40:21.731059-04	1	medico	3		3	1
11	2026-05-12 00:41:02.62986-04	1	Juan Camilo García Moreno - entrada 12/05/2026 04:41	1	[{"added": {}}]	12	1
12	2026-05-12 00:42:04.036083-04	1	Maria Isabel Loza Parada - Ausente 2026-05-08	1	[{"added": {}}]	14	1
13	2026-05-12 11:18:36.117236-04	2	Juan Camilo García Moreno - salida 12/05/2026 15:18	1	[{"added": {}}]	12	1
14	2026-05-15 16:24:14.461827-04	1	admin (Administrador)	2	[{"changed": {"fields": ["Rol"]}}]	6	1
15	2026-05-15 16:25:54.012562-04	1	admin (Administrador)	2	[]	6	1
16	2026-05-18 10:35:27.725346-04	9	Jefrely Joselin Jaimes Ortiz - Medio derecho	1	[{"added": {}}]	11	1
17	2026-05-18 10:36:04.955171-04	9	Jefrely Joselin Jaimes Ortiz - Medio derecho	3		11	1
18	2026-05-18 10:36:34.460497-04	8	Jefrely Joselin Jaimes Ortiz - Índice derecho	2	[{"changed": {"fields": ["Numero dedo", "Registrado por"]}}]	11	1
19	2026-05-26 00:02:39.541754-04	4	004 - Civil	1	[{"added": {}}]	7	1
20	2026-05-26 00:03:47.37742-04	5	005 - Agroindustrial	1	[{"added": {}}]	7	1
21	2026-05-26 00:07:26.685686-04	3	V-012345678 - Jimenez Parada, Ana Maria	2	[{"changed": {"fields": ["Activo"]}}]	8	1
\.


--
-- Data for Name: django_content_type; Type: TABLE DATA; Schema: public; Owner: uptaiet_user
--

COPY public.django_content_type (id, app_label, model) FROM stdin;
1	admin	logentry
2	auth	permission
3	auth	group
4	contenttypes	contenttype
5	sessions	session
6	usuarios	usuario
7	personal	departamento
8	personal	empleado
9	personal	horario
10	biometrico	dispositivobiometrico
11	biometrico	huelladigital
12	asistencia	registroasistencia
13	asistencia	logauditoria
14	asistencia	ausenciaautomatica
15	asistencia	diaferiado
16	asistencia	permisoempleado
17	usuarios	permisomodulo
18	usuarios	configuracionsistema
19	usuarios	tokenrecuperacion
20	usuarios	preguntaseguridad
21	usuarios	pinseguridad
\.


--
-- Data for Name: django_migrations; Type: TABLE DATA; Schema: public; Owner: uptaiet_user
--

COPY public.django_migrations (id, app, name, applied) FROM stdin;
1	contenttypes	0001_initial	2026-05-09 18:39:31.26443-04
2	contenttypes	0002_remove_content_type_name	2026-05-09 18:39:31.27143-04
3	auth	0001_initial	2026-05-09 18:39:31.303259-04
4	auth	0002_alter_permission_name_max_length	2026-05-09 18:39:31.306599-04
5	auth	0003_alter_user_email_max_length	2026-05-09 18:39:31.310823-04
6	auth	0004_alter_user_username_opts	2026-05-09 18:39:31.314453-04
7	auth	0005_alter_user_last_login_null	2026-05-09 18:39:31.317926-04
8	auth	0006_require_contenttypes_0002	2026-05-09 18:39:31.31968-04
9	auth	0007_alter_validators_add_error_messages	2026-05-09 18:39:31.326515-04
10	auth	0008_alter_user_username_max_length	2026-05-09 18:39:31.331507-04
11	auth	0009_alter_user_last_name_max_length	2026-05-09 18:39:31.334717-04
12	auth	0010_alter_group_name_max_length	2026-05-09 18:39:31.35158-04
13	auth	0011_update_proxy_permissions	2026-05-09 18:39:31.357332-04
14	auth	0012_alter_user_first_name_max_length	2026-05-09 18:39:31.361244-04
15	usuarios	0001_initial	2026-05-09 18:39:31.396348-04
16	admin	0001_initial	2026-05-09 18:39:31.409859-04
17	admin	0002_logentry_remove_auto_add	2026-05-09 18:39:31.417703-04
18	admin	0003_logentry_add_action_flag_choices	2026-05-09 18:39:31.425078-04
19	sessions	0001_initial	2026-05-09 18:39:31.434827-04
20	personal	0001_initial	2026-05-09 21:56:56.231751-04
21	biometrico	0001_initial	2026-05-09 21:56:56.266537-04
22	asistencia	0001_initial	2026-05-09 21:56:56.334383-04
23	personal	0002_rename_departamento_empleado_departamento	2026-05-17 15:33:39.150102-04
24	asistencia	0002_diaferiado_permisoempleado	2026-05-22 14:20:04.662543-04
25	usuarios	0002_permisomodulo	2026-05-28 01:16:13.693872-04
26	usuarios	0003_configuracionsistema	2026-06-03 23:19:46.018806-04
27	asistencia	0003_registroasistencia_es_almuerzo_and_more	2026-06-03 23:49:38.94144-04
28	usuarios	0004_tokenrecuperacion_preguntaseguridad	2026-06-15 11:36:52.086155-04
29	usuarios	0005_pinseguridad	2026-06-15 12:12:40.376228-04
\.


--
-- Data for Name: django_session; Type: TABLE DATA; Schema: public; Owner: uptaiet_user
--

COPY public.django_session (session_key, session_data, expire_date) FROM stdin;
naubf9ucylrdusyubocg3tvit003rt1i	.eJxVjDsOwjAQBe_iGlkb_0NJzxmiXe8aB5Aj5VMh7g6RUkD7Zua91IDbWodtkXkYWZ1Vp06_G2F-SNsB37HdJp2nts4j6V3RB130dWJ5Xg7376DiUr-1E_HCJiJRciwE3NsCkryNMWMkTD4IAxWfk0shZGMBLcQOqC9gsnp_AAs9OFs:1wPMG2:0z8uDzkPIG9MjAvQ75FFPjQYMqoN370GczFzcqkIgM8	2026-06-02 11:21:22.990886-04
\.


--
-- Data for Name: empleados; Type: TABLE DATA; Schema: public; Owner: uptaiet_user
--

COPY public.empleados (id, cedula, nombres, apellidos, tipo, cargo, email, telefono, foto, activo, fecha_ingreso, created_at, updated_at, departamento_id) FROM stdin;
2	V-876543210	Juan Camilo	García Moreno	administrativo	supervisor	juan@uptaiet.edu.ve	0426-1234567		t	2026-05-06	2026-05-12 00:36:49.770821-04	2026-05-18 23:32:21.757363-04	1
1	V-31977109	Jefrely Joselin	Jaimes Ortiz	docente	profesor	jefrely@uptaiet.edu.ve	04123456789	fotos_empleados/perfil_docente.png	t	2026-05-04	2026-05-10 16:03:07.195545-04	2026-05-20 18:34:31.42312-04	1
4	V-31822202	josymar	caballero porras	docente	docente	josymar@uptaiet.edu.ve	042612345678		t	2026-05-12	2026-05-19 12:07:24.166581-04	2026-05-27 09:43:55.883207-04	1
3	V-012345678	Ana Maria	Jimenez Parada	obrero	limpieza	ana@uptaiet.edu.ve	0412-4444444		t	2026-05-17	2026-05-17 15:42:29.467209-04	2026-05-27 23:10:43.644196-04	3
\.


--
-- Data for Name: horarios; Type: TABLE DATA; Schema: public; Owner: uptaiet_user
--

COPY public.horarios (id, dia, hora_entrada, hora_salida, tolerancia_min, activo, empleado_id) FROM stdin;
3	martes	07:00:00	17:00:00	10	t	1
4	lunes	07:00:00	15:00:00	10	t	2
5	jueves	07:00:00	15:00:00	10	t	2
6	lunes	07:00:00	15:00:00	10	t	3
7	martes	07:00:00	15:00:00	10	t	4
2	miercoles	18:00:00	22:00:00	10	t	1
9	sabado	15:00:00	18:00:00	10	t	4
10	sabado	07:00:00	15:00:00	10	t	2
11	sabado	07:00:00	15:00:00	10	t	3
12	jueves	11:00:00	17:00:00	10	t	1
13	jueves	08:00:00	15:00:00	10	t	4
\.


--
-- Data for Name: huellas_digitales; Type: TABLE DATA; Schema: public; Owner: uptaiet_user
--

COPY public.huellas_digitales (id, numero_dedo, template_encriptado, calidad, activa, intentos_fallidos, fecha_registro, empleado_id, registrado_por_id) FROM stdin;
22	1	\\x67414141414142714469357461485977774d52423577446948484e4e6e5756584f58597875694e686770442d4274345961586c54794e684d373236515768644361327a6d796d76764c76664d573278386a4b6c487a4f6d744d72424e6a635130616a4874553241516679706641736b6b33632d3331484f453951316535655666637651344478674d6d4563576b79506a6e4d426a4645425556445a6154314252594e4e4e447a6a4354434d446f476134675f6169773963555f77634b564c4f7439457779483434535a306435315f5169766a3054476953745f724768656645634e4a734969615f5f4f4848566c6b4a434f6664624132485655724770683546445f3556337a6f474f74565576547954745177316f585334736d57496c314534794671534d6662496f2d6f4552356f684433545f433937716f79377a306b6461704e375a6b5a705630434f4f66373635483830374a5a485f776375397564395f727436496d6a6d6e58636d7a6d63474d784446627663795757432d715a6b576b75785a4c57643557355749683231374f4e76496875383477343875697a507350596b397736325157395a3153656646664c4d38556d37682d48514d374a58437a2d754635633154745571755371783650574e484f5379456c494e345033316e573345543874426749627377386f3973436d455f3048724267383746454a4f5375455a39486c7474764a70474b564964776c336c664e53426b3262696b56304f6a795f3538713339466f675a4f627a54475275614a6e624c5953357476325632634a376730356b6155647348416974636e3273702d765a504871736161306f5175314c446e3046664e7670474a736b322d783668564832746b6b36556f7750674537646244644a58482d58526864786d6d6f4e6652536a445166327350594b6135425265385f535970315643656f7537665665744e4c35327a2d4a57413575756a336a4b724d5031656e52614b36435f3050696f446932357a437443726632546a345054647a597350684357506433626b7075456d5a6938655758654e447a4b63734265696d7a6850444b424330374e6c5953696f4f6b4f3578356266434b44705f4d5441696b6d4d594d4966544630455f544463505573474a506630467455315147434e2d6b79416c5a38433775413071386b736d5a5f4e6f624d6e436e466544464a674d4834464e303232436656305145443737564d675871365f337368532d6937705a43722d7a6879774f506b5743476452314b5044414730703454393652576f574c2d545476536536664d336c784d304b7042695f7235595f59544d4c306d755842342d79574c314b6c6277334f324d734b4e394d673765714b31466873516a6f4f49794a3353675361705776746257436e536875756a7349467257497650354853566772467532615872666f33746c326b3558716346695a496f315f50737066627861576a596b7079425946547559657042347639594d36346a326b34656674352d435773526938576c514e62695473354c356d467758534331745453464f536e4e6469655231364263414c51766d71564a4d7549516d744b48534153735a667565574a7a5679754a6b466a4b6150704f693845646b5a4a305a4272354a315a76757962395641726c55694a4459354c5f4c4966786e6e74734a6267774831326a74424c436c776b3153646a664b66714a507465614673556b6c46394a485836466c6a3937415679684a636472727a6e3744505139566865695078754673427769396b6e79645f596a734e722d75686e696f6e6871494d33596155376a43334e786f646751316a71716273624148626d54443776514377355851456d4851782d666b734e2d4b72313438484b704c3070654842355741616d675651547a68317a7a64714973446341323337426661775a3051574f6d57506f324f697a4943694b65445f7134576e4554346f556c5346586a4b5f6e464f39544234616479544c526364754b43686343474435683943736f5f7a2d383d	80	t	0	2026-05-20 17:58:05.320204-04	1	1
23	6	\\x6741414141414271446939476d4a6536796445623741696a476357523430747843546b484c5533623361565a596b7935746d7a526347495059694b377834773439645a7748786f6c4b63576d78334b4a3754755442414e75627377567a63474e4159504b6d4f5f5275575f6533676a69505f6b37694e77714c414947314650727059303159344f516d55575343686832786f4b4d77514c475649474f5f6f574a48577335484175414a413654786f64334346662d75666a6f3752346d4843616a77566a34716f3845686d6770526d32645f616c5251754d6d345f6d39783070505439395143575f7968446b77563773596b4a504b7035734d70343367515931394f5577374353574f4463544f462d592d3454694c7369457950506e66434970566c446f2d576a68624c6c456d5a32557875564354524d6c61554d4f6e64654b4d666e716761482d5839714c5a504b6f79765f414e7764552d3230643238374d5234783169456c315346557a7a6a5731544e6b6b713345496562553143707476656347783167314d50483950377233775265584651326937494b59554356586f467a7a33656467565072594c59324d704d396e696336617969477150326a44494857326c6f5732464d733272707773626953324e38504e7041626e67793657482d686b3653494a626568627070773678364d2d4a707061684c5a7a6e3443677645534c4f52727a6164595f666370773130363677795550343246656374686b54515f56347a486430376e5044326c426d374c41676b786f755f4f34467a49454c5536467651517831716f4d366479336b6a32677a324d3474654b6a3449526834333276476e584935537170505a58715852355036692d69674653784e3458513444796c7a774977373548416754736f30354343646d394f72316f5f62315953357662667144785652517942384d52774769515369725f5253584c4c5a5344537067766963345a646876716f5775715f49425062516f414738704b77514f4f544838312d496b41356a4158392d55715f6f62334e68546152567774453347766d6e4563707435535858347a7a4a3762736662707379474530536b71744b7578457475454158535f5a596634456461744a415f6c69735545643433706e67642d495777355a4775544c4375484a69505655516d6f53796d4648564b794930754f4733714e786a44584a5a49566833425554766d61696d786a466c694f4f535a575352707a6e6648776d4273362d64454f4e734e4d6737554d56576136726b34333472346e5436467a4c4c3576566930544d42315959793255324c6c317341364f4777534e423953624362754338656c566e786b3874734e7a446b3251566c5478515a7569625863326e347570654c675461496a385f6d304f4c4a766d5259435678657330614e5f705935506a54527056512d576c416d7a4e4a6d51636b7938485f4c6676634e7a635569534e62446b6d637959373351485a5179496e695769736b555851763953735f6c4e6d6a3533566d704835773650524b7a7a725155524d7558377663483346394d303643306d6246696759542d4d7151706e7a426555356550695679554c7668577843703139336748364d3163564930745779506363486c41787437657a755246563639326b456f64764e304d6d7936656a37424a547a594d33584b6a48535a52494177553044615857444e59487964352d3161442d486b3335744e6c476e494e69535056644753637a78376f376930684a594c66626e69583669395546666d697661534153726c694b314653364c71434c373566577a4630326c64796e484677755a6d4365475569674c327a707750764b702d72426758664272314a78415732444246507861315a617151586e62395a71366359684774554672673852443655655577614e422d4b3243304d46466a6b555a4c747a7a5f78723346504b53504e4872354d673547443932766d5a6a55734e44576b5a3732435335446b4f6f455f4334495a6d556764696c6656745f5f75637a4264664e42484e557352486c4d346459503964326a626b384d3351664a6e387462456d664e726b754b5f645a486f7975576572307269624147434a4e323743586d47414e6d45555f4d706e2d795f6b4a7a414a6d4432673874704e32637634765655572d6e54584478465274574862314e5f53434e476c7545416e3275626a354a5062347649494945506b4969455a5f51444f535736636734425a644938683234456b71726b316630595050527541716b307a3066684b5067366558554d4b2d6344535548646d504653496d78344f6a4738426d674c4c56786b79746437756b3039486a6838654245415f765453513576456d626b766b44634c364f586f68627461756e5646784e4c4f5f7572383778534e6f385676334c4372444e4b386e4f6f6c494577664a4d6875335530706c514339725058634e6f7651507353726766674a7946544f4c63484d724e4145483168677933487149626e56615877656177794b6b6e67393650513d3d	80	t	0	2026-05-20 18:01:42.071432-04	4	1
24	2	\\x6741414141414271446a4c4978654d737833547054766d4e5670493567492d73656f7373784f6e567865364f46596d64666e63544e4733305f396933487871566959484d504b546f6b5a5474375a665951725268517555733332646a55524251337078382d68725f4c736c62564d634d5a48634d58696d6848594d435147683131596f314e5637524e68663061306e3063484f51494273766c4257507242436d76447a6c7633792d6e425f347430506831676f764d76366b636b34654c534e384c72394f4b766c324968305263755879736541417669706b77544e63415f693437682d6b4944365144756b5044594831314749366e30784270737578777859654a537337773149644d70695a54446271723556756c476b4251395f6857567156573757714b7a575456527554656f6a3756785670334e4862587632494b5f31514c36485f307a4363796b492d2d3844557650714550564d465f4230634c5a6956617047344a70712d4b7764526164755659726d615969634d584a6772734372634e6c344e46517975717353525970797847453535446b79686850324e5541596a6f346f4451486b59577268524f317043654177507853784f6d774363433271345a745f5f775471752d5073455a694164715969615a677566492d61386c424972793459397a4e314674414b3368426d707a6c7a7153796d6a5f456a526449574d3370652d5975723462354973434f4e65305f6a646d396a6a4158724f31365f37737879795f445165444645686e7167575873433779417741415f445f594678486f68394c446438447172345f626c62374b793577776c706572762d50324571786858634835386b3759584c616d2d374f474f4d33316b4132653167414c77324248415970327a4c514976646153376e304465424d673476456f67555a78336771426a39756638574a6a79734a5232556f36323659444e396b4c4b367032366a4d784e2d68337579566171574437583543656a7175592d687a6a6d52306a4271712d69302d3163443966314f5656772d6a637261446f7355535579764254686b646546715262714e624a5a764c4a7247414e6e514a2d3258464c3368334f7571482d6c6b474153584b425a424d366b43684576514e41355167415f4b596d5974635237635f594d444b593574455a6d35364951545a30307531794551704a364e68634d6f307a5a6f54516c59723136385f743143554c5442325142347546716c3341494437696c596151457963674e656244304c6166576f5635586441445938437863444a746f48694e3866462d465176625959754732366d3551696971714444446c3768385239544b56692d37696d456836383366514761425f5a755942663056562d6773736c3157575f554b374376707a4353694e7868696474575068784d41696d355f762d7a74564558525655376e5f79783746387457646e4b326456382d5f6f4b5568445170685554333766336c63382d7a5568794e5f6b4971415346496e7038744a566f474935374545427a56453730675039694c52424a3065504a4d5f37536d5336716b6556526b6939494a5148432d4951786d7531684c73355f4a376b493738375a414c31466c704b6355494b3451616f48592d5531326253567a39787744776175774a676631764b32553068367a76436a38723134615235313142466d54483078654d626a4155657855732d66354f6666376e6334435668324c4435434a454772534e434975616a426c56594b757a303d	80	t	0	2026-05-20 18:16:40.307284-04	1	1
25	7	\\x6741414141414271446a4c7a757145653261314b69597735644a6645654874326d49336475644b7737483868464b64774656597a6537456337334b714f736d6274553848614d36427a6e66335f6c4d7a763869526566417035565a375f4c624a3471733550575541636732314d305954797065615037786337306e5961374b73356b4e58467070726930617a5837674741537446746d3932654b4e4f66763674745046547672326758566245376b49654a4c4c7662796e6d653478444c6974545f5636652d7a6f7536565a694b6659624762313343616b5367556f32795859686a42483233774e53567030744875705249686c36355f514d494e65724a6f364e5573394e5265415159346f4537724e725461304835356a69462d6c7973656d415035677769467566384d694f47495f7970725f444b453849626b47494c524337756b794e4f5144696d6b45687a4b53476f365a4474362d39457854484e315a4571613651633863414c37596156525a55437a6c4e344a5f7248646c68624a796873356c485646637145656a4c4c674174734867656753306a44565f4d6e377757477063527455454131746d5958785f745f68627a75774e7361477969656d6c4e333234686739722d776b544f4a367348726d3458766c4f38366142434c39434a3772576c536670644938783358546a58464e4c67755f3879594c7671615a437953474b7238626e4f4a4c53693272594170654c5037626a47633436317967356e53346f756f536d3534732d69613342486c6f39597a7441466c3558414873614c45526f6d4b4e51456f5578306565425273364f4c515538514e61507a707142336b5a59495948576f6239644141464d4f5841503452796f324a567a4263504c68394f4448494f5f77595a73383855304246413153774f642d7136735a3157566a6a38445f7a49427a35356339655a4655535446775f5243646a4b5279454531414e715033654871755a4b38576161643277424757615778566a74497859485964444172477044703965456132706b6c422d3333336179322d4270643268506431483376424d72615430694d516f6c5456485831743571634b3851745352654b53566f66556457443161584930797a4d5634436a4b5a7758506357736e5844576355327a2d576a697143796e64414335586b49494b76664839444f3359556a33447379564d7a4f4f75695a42773543714d6970433535724c735f70747762796a732d774d7a456d4d7030554944557363447a307265325144537666626f6f3242704e674948437a51544979464877756f66426e514c4139434f4a30425632455768433137434855377333344158744a5368696942486a4a4641616358583845656f63667344326d6a2d7071717542584b4e6d36695762454c4b6e31596a684c4e795a307566596f5f544d7a4773324e574236704564764144375543594a63395f6346337133346e704e7573526f6630376a4c776c6761434e4b3230312d7445635f6e4f4646576f43625144365a553443634f456379304d73496f6d4558744c6746536c4e4239537438547367657959314a4761346965655550583248665335594874726a617676454b38387747693352315342382d7970423038716b513732456138574c67444351654f5344546878346a4e5a565f2d705f6b4954672d4c734f3141324f5369577161423853634d506e366e32725878544336384d437950387734567a444e79373035525956424a3550365267496c646b79444e383847383548345a474854716a76483757625f773861585035787454444348515f5751434d374d5f4f687767424d56596d68574c5653794d7156504e733569416b6b534b53797177635f6344543237647574753730585443645f516d455f6b584c4c6a673153537739496c6a7939546b5653593978725433737955494f4830357a485a743276494f65654f7565437a36716a52715f54713536493269546b4750577264336137636a736436357279675f6f694844623479326151766b7766434b736c6b45413775426b3537305f306f794e5958	80	t	0	2026-05-20 18:17:23.021344-04	4	1
26	3	\\x6741414141414271446a63645a493647393566523743657056325f48466767464f42617679524a794f6f734d4c546b474443554c4970646138665a674a4932675174744d6a6b6f513039686d333636634e79633632524b6f347953655472305835526b5366647569684e2d356a424a6d6572474f664c354a46505778324b5f756732454f584e4150375666394243427a584379414364545a4d44366a696f59725144725f6373426e5f6744525862397448666c64506977785134434c63547a3861576d56485965512d6935366e5038494775534f32487a4c3375614a6171347a4f77426a42774c4a4965454e344f6d7156345a696c6b7032396d4370776533347a4d4361563675416e456856394c7962345a346245747a6265764a475f6f544c4658304c474170464f4f6e5a717731546b39564432424f72555f374e443564555f545343396b4e556e456d506839785773454d79553463354277396e77365a314131506f7876494c615a344a774b77625a386f73576e377771504174786a78416761474c5a34455a6264425547517770454d6d7631756e39314c6751414e4e77764c3042336b6e74446b314b78376d6e6e42686a30684441747856306c4d30485537415241502d5a5339434265636d6b5a68653768626d6849386c496c5250634b694f527a625451394e6a6239676839495534527468696a503478596d695a32394b4f517861534b56396947584a634f6c5443664b753761546d695559553938386f35666368787555424b565238486e363774415f50704e4957723671734f6b4b43654951714164544a6c655531712d6a71644c776b647439526841725f5932694e447862484f583342726366306b326e743938435a31417178736d4b41484f7a594d6273795a6f324a306550386b65706f56416350526c4666354c41324a415f6c2d4f7864455261545167314a646b6758617971433854527a755f6d744c505a6b55426b41654931754657765768486432676f4249614a5756785177496f6b6b706b346f49366352313232645a476d344d75613869464876364e6d43466c5a43637653515f456549346c6e6373754f57614338574f55724b3635334e32696c374874474c7a39665f674b34714d7663517a352d706679396d30624a4c61644d68437648564554775f354d497a4d494f7a6944654f6959327944365862676139757846774174505a506763686f4b6a414e4972316b753375417666714b7845334a785070547754536b4f6c4d483953553170686c5466526131333274526d4a3478314146416d754b647a4a33455763784c6d49317a4c78476930586e4967726c4f795a4c2d3057375f7546566f2d4d6b70766348583056427259614a4f51375368386d66617574475f504e686a526d54374835364d614b71782d503576747775714e5958344850704154366976753967623775524266757873594964442d796c44636e755742785f34746c6242364b58535f57502d5a724a30316873553848456e77656e4c4951724a2d686d6677464f6f484e583730764b4d4a71673551614a62737457627a397754554e587435704964524d6d747734636d3631445235636b425953473078517366475f666758537a4b4837654d4b52575343566373674b534a384c6c2d7233556334777844416e796e62696c337956614c62596133465450566a69444a38315435526273416a6b7848426b4331364854512d577771375a565455484c65444253516238415971694a39466950674c425846434959664e6b72456239776f57796b58627242734844794d306a305146394832486e4f6c466c6279714b49733069525f4c626f51327461624167766539337332577952556f35746b5064786b695644324437436c703276475736436455615059634469326e6f73577242316e30522d38394563724f5631774e30727a796e66626b703965564d5f59565a3967327659457430464c63507545615279475776707a6d5f677137474a71657a356636594f5f7579702d6443714542386f4f735f3850634872765139524b456b6961705934384431636149362d723949724930444559614361536e7a525744334d41476c3955445a4444774f7a335642736f65614541674b42584647565f3571715848745763577773633055776f71324668384d33456a6a6372337751693762765f4176527462734675527a65534768307139536d34416a55613366585875345070696936724335703357614c4b5962426c36586574327170765a7257636a70416d78624679456a4f667844486e376a6836516c3865707050555f5a574e464b5a51312d444b504f54447650786c4e3239586f52774b387873504779776f35446956626274736146426361794875684f4a615f4d3845734a716a3561343674436e475f70616856544e	80	t	0	2026-05-20 18:35:09.134495-04	1	1
\.


--
-- Data for Name: log_auditoria; Type: TABLE DATA; Schema: public; Owner: uptaiet_user
--

COPY public.log_auditoria (id, accion, tabla_afectada, registro_id, datos_antes, datos_despues, ip, "timestamp", usuario_id) FROM stdin;
\.


--
-- Data for Name: permisos_empleados; Type: TABLE DATA; Schema: public; Owner: uptaiet_user
--

COPY public.permisos_empleados (id, tipo, fecha_inicio, fecha_fin, motivo, documento, estado, observacion, activo, created_at, updated_at, aprobado_por_id, empleado_id) FROM stdin;
1	REPOSO	2026-05-22	2026-05-27	enfermedad		APROBADO		t	2026-05-22 15:27:35.504757-04	2026-05-22 15:27:56.174659-04	1	3
3	VACACIONES	2026-06-29	2026-07-10	vacaciones solicitadas		RECHAZADO		t	2026-05-22 15:30:31.461022-04	2026-05-22 15:30:44.955037-04	\N	3
4	CAPACITACION	2026-05-25	2026-05-29	cccc		PENDIENTE		t	2026-05-22 23:18:15.142635-04	2026-05-22 23:18:15.142672-04	\N	2
2	CAPACITACION	2026-06-03	2026-06-04	capacitación administrativa		APROBADO		t	2026-05-22 15:28:54.050103-04	2026-05-22 23:18:44.423335-04	1	2
5	REPOSO	2026-06-01	2026-06-05	reposo absoluto	permisos_documentos/perfil_docente.png	APROBADO		t	2026-05-28 01:00:24.190622-04	2026-05-28 01:00:47.271694-04	1	4
6	REPOSO	2026-06-01	2026-06-12	control medico		APROBADO		t	2026-05-28 15:34:46.418478-04	2026-05-28 15:35:45.303066-04	1	4
7	MATERNIDAD	2026-06-01	2026-07-01	nacimiento del hijo		PENDIENTE		t	2026-05-30 23:35:47.572743-04	2026-05-30 23:35:47.572772-04	\N	2
\.


--
-- Data for Name: permisos_modulos; Type: TABLE DATA; Schema: public; Owner: uptaiet_user
--

COPY public.permisos_modulos (id, modulo, activo, usuario_id) FROM stdin;
49	marcaje	t	2
50	dashboard	t	2
51	incidencias	t	2
52	reportes	t	2
53	personal	t	2
\.


--
-- Data for Name: pins_seguridad; Type: TABLE DATA; Schema: public; Owner: uptaiet_user
--

COPY public.pins_seguridad (id, pin_hash, activo, intentos, bloqueado, created_at, usuario_id) FROM stdin;
1	pbkdf2_sha256$600000$ZpPss1T6FNxEZMPaTzCagH$hwQM9VU8Eec/fLlT4cHgASoch2thEu+vQhmn61JZuCU=	t	0	f	2026-06-15 17:00:17.622202-04	1
\.


--
-- Data for Name: preguntas_seguridad; Type: TABLE DATA; Schema: public; Owner: uptaiet_user
--

COPY public.preguntas_seguridad (id, pregunta_1, respuesta_1_hash, pregunta_2, respuesta_2_hash, created_at, updated_at, usuario_id) FROM stdin;
1	mascota	pbkdf2_sha256$600000$y4Bpylx8ds7mwByXgbFuAn$M2EfDG1kQUEk9WzdmU9SYSTYm1z2smh16qILXA/Er1Y=	madre	pbkdf2_sha256$600000$PIea3AgaBBgyDCVV3E5vSf$q/sNrhcGWCKswd6nni4sfNBaBMYG3ZL1+G1H4sF2kVw=	2026-06-15 16:59:31.408585-04	2026-06-15 16:59:31.408611-04	1
\.


--
-- Data for Name: registros_asistencia; Type: TABLE DATA; Schema: public; Owner: uptaiet_user
--

COPY public.registros_asistencia (id, tipo, estado, "timestamp", score_verificacion, es_retardo, minutos_retardo, horas_trabajadas, ip_origen, observacion, dispositivo_id, empleado_id, es_almuerzo, horas_extras, horas_faltantes, minutos_antes, sin_horario) FROM stdin;
1	entrada	manual	2026-05-12 00:41:02.619314-04	1	f	0	\N	\N		\N	1	f	0.00	0.00	0	f
2	salida	verificado	2026-05-12 11:18:36.108844-04	0	t	5	8.00	\N		\N	1	f	0.00	0.00	0	f
3	entrada	verificado	2026-05-16 18:35:14.492347-04	71	f	0	\N	127.0.0.1		\N	1	f	0.00	0.00	0	f
4	entrada	verificado	2026-05-18 10:30:40.445256-04	101	t	450	\N	127.0.0.1		\N	1	f	0.00	0.00	0	f
5	salida	verificado	2026-05-18 10:37:26.690891-04	92	f	0	\N	127.0.0.1		\N	1	f	0.00	0.00	0	f
6	entrada	verificado	2026-05-18 18:27:15.264245-04	76	t	927	\N	127.0.0.1		\N	1	f	0.00	0.00	0	f
7	salida	verificado	2026-05-18 18:27:30.799254-04	90	f	0	\N	127.0.0.1		\N	1	f	0.00	0.00	0	f
8	entrada	verificado	2026-05-19 12:04:16.860816-04	76	t	544	\N	127.0.0.1		\N	1	f	0.00	0.00	0	f
9	entrada	verificado	2026-05-19 12:22:19.066763-04	124	t	562	\N	127.0.0.1		\N	1	f	0.00	0.00	0	f
10	entrada	verificado	2026-05-19 12:30:27.914604-04	107	t	570	\N	127.0.0.1		\N	1	f	0.00	0.00	0	f
11	salida	verificado	2026-05-19 12:30:36.403416-04	84	f	0	\N	127.0.0.1		\N	1	f	0.00	0.00	0	f
12	entrada	verificado	2026-05-19 13:09:19.796614-04	74	t	609	\N	127.0.0.1		\N	1	f	0.00	0.00	0	f
13	salida	verificado	2026-05-19 13:09:46.396414-04	89	f	0	\N	127.0.0.1		\N	1	f	0.00	0.00	0	f
14	entrada	verificado	2026-05-20 17:58:53.443861-04	82	t	853	\N	127.0.0.1		\N	1	f	0.00	0.00	0	f
15	salida	verificado	2026-05-20 17:59:33.974611-04	111	f	0	\N	127.0.0.1		\N	1	f	0.00	0.00	0	f
16	entrada	verificado	2026-05-20 18:15:27.438752-04	117	t	870	\N	127.0.0.1		\N	1	f	0.00	0.00	0	f
17	entrada	verificado	2026-05-20 18:15:47.963588-04	99	f	0	\N	127.0.0.1		\N	4	f	0.00	0.00	0	f
18	salida	verificado	2026-05-20 18:16:56.586851-04	88	f	0	\N	127.0.0.1		\N	1	f	0.00	0.00	0	f
19	salida	verificado	2026-05-20 18:17:49.145601-04	70	f	0	\N	127.0.0.1		\N	4	f	0.00	0.00	0	f
20	entrada	verificado	2026-05-20 18:32:59.562796-04	111	t	272	\N	127.0.0.1		\N	1	f	0.00	0.00	0	f
21	salida	verificado	2026-05-20 18:33:43.269201-04	80	f	0	\N	127.0.0.1		\N	1	f	0.00	0.00	0	f
22	entrada	verificado	2026-05-20 18:35:37.121197-04	78	f	0	\N	127.0.0.1		\N	4	f	0.00	0.00	0	f
23	entrada	verificado	2026-05-22 23:13:56.309436-04	99	f	0	\N	127.0.0.1		\N	4	f	0.00	0.00	0	f
24	salida	verificado	2026-05-22 23:19:46.471019-04	196	f	0	\N	127.0.0.1		\N	4	f	0.00	0.00	0	f
25	entrada	verificado	2026-05-23 12:37:50.164698-04	97	t	277	\N	127.0.0.1		\N	1	f	0.00	0.00	0	f
26	entrada	verificado	2026-05-23 13:29:31.590171-04	90	t	269	\N	127.0.0.1		\N	1	f	0.00	0.00	0	f
27	salida	verificado	2026-05-23 13:33:49.75114-04	120	f	0	\N	127.0.0.1		\N	1	f	0.00	0.00	0	f
28	entrada	verificado	2026-05-23 13:34:40.948071-04	74	t	34	\N	127.0.0.1		\N	1	f	0.00	0.00	0	f
29	entrada	verificado	2026-05-23 13:36:43.13394-04	86	t	786	\N	127.0.0.1		\N	4	f	0.00	0.00	0	f
30	salida	verificado	2026-05-23 13:38:01.819805-04	83	f	0	\N	127.0.0.1		\N	4	f	0.00	0.00	0	f
31	entrada	verificado	2026-05-23 16:25:36.258157-04	78	t	85	\N	127.0.0.1		\N	4	f	0.00	0.00	0	f
32	entrada	verificado	2026-05-23 16:27:26.904973-04	101	t	207	\N	127.0.0.1		\N	1	f	0.00	0.00	0	f
33	entrada	verificado	2026-05-27 09:42:52.522029-04	94	f	0	\N	127.0.0.1		\N	1	f	0.00	0.00	0	f
34	salida	verificado	2026-05-27 09:43:17.014948-04	103	f	0	\N	127.0.0.1		\N	1	f	0.00	0.00	0	f
35	entrada	verificado	2026-06-02 21:40:56.941945-04	104	t	220	\N	127.0.0.1		\N	1	f	0.00	0.00	0	f
36	entrada	verificado	2026-06-02 21:41:20.164892-04	74	f	0	\N	127.0.0.1		\N	4	f	0.00	0.00	0	f
37	salida	verificado	2026-06-02 22:29:19.183357-04	96	f	0	\N	127.0.0.1		\N	1	f	0.00	0.00	0	f
38	entrada	verificado	2026-06-04 12:53:13.376734-04	87	t	113	\N	127.0.0.1		\N	1	f	0.00	0.00	0	f
39	salida_almuerzo	verificado	2026-06-04 12:54:20.875047-04	73	f	54	\N	127.0.0.1		\N	1	t	0.00	0.00	0	f
40	entrada	verificado	2026-06-04 12:55:04.356713-04	74	t	115	\N	127.0.0.1		\N	1	f	0.00	0.00	0	f
41	salida_almuerzo	verificado	2026-06-04 12:55:30.260143-04	82	f	55	\N	127.0.0.1		\N	1	t	0.00	0.00	0	f
42	entrada_almuerzo	verificado	2026-06-04 12:55:47.217304-04	84	f	0	\N	127.0.0.1		\N	1	t	0.00	0.00	4	f
43	salida	verificado	2026-06-04 12:56:01.788421-04	99	f	0	0.02	127.0.0.1		\N	1	f	0.00	4.07	0	f
44	entrada	verificado	2026-06-04 12:58:45.83935-04	74	t	298	\N	127.0.0.1		\N	4	f	0.00	0.00	0	f
45	salida_almuerzo	verificado	2026-06-04 13:00:02.281354-04	83	f	59	\N	127.0.0.1		\N	4	t	0.00	0.00	0	f
46	entrada_almuerzo	verificado	2026-06-04 13:00:16.055401-04	85	f	0	\N	127.0.0.1		\N	4	t	0.00	0.00	0	f
47	salida	verificado	2026-06-04 13:00:28.982932-04	83	f	0	0.02	127.0.0.1		\N	4	f	0.00	1.99	0	f
48	entrada	verificado	2026-06-05 23:23:33.231521-04	75	f	0	\N	127.0.0.1		\N	1	f	0.00	0.00	0	t
49	salida	verificado	2026-06-05 23:24:53.166442-04	99	f	0	0.02	127.0.0.1		\N	1	f	0.00	0.00	0	t
50	entrada	verificado	2026-06-09 12:24:29.201849-04	100	t	324	\N	127.0.0.1		\N	1	f	0.00	0.00	0	f
51	entrada	verificado	2026-06-09 12:25:09.227943-04	121	t	325	\N	127.0.0.1		\N	4	f	0.00	0.00	0	f
52	salida_almuerzo	verificado	2026-06-09 12:25:30.006302-04	114	f	25	\N	127.0.0.1		\N	4	t	0.00	0.00	0	f
53	entrada_almuerzo	verificado	2026-06-09 12:25:42.527886-04	105	f	0	\N	127.0.0.1		\N	4	t	0.00	0.00	34	f
54	entrada	verificado	2026-06-10 09:56:36.403034-04	103	f	0	\N	127.0.0.1		\N	1	f	0.00	0.00	483	f
\.


--
-- Data for Name: tokens_recuperacion; Type: TABLE DATA; Schema: public; Owner: uptaiet_user
--

COPY public.tokens_recuperacion (id, token, usado, expira_en, created_at, usuario_id) FROM stdin;
1	4j5yPja2s3WWzg2xvfEmEtnPzFNaqNRtrLCBuYKbt9c	t	2026-06-15 17:16:28.0992-04	2026-06-15 17:01:28.099772-04	1
\.


--
-- Data for Name: usuarios; Type: TABLE DATA; Schema: public; Owner: uptaiet_user
--

COPY public.usuarios (id, password, last_login, is_superuser, username, first_name, last_name, email, is_staff, is_active, date_joined, rol, telefono, activo_sistema, ultimo_acceso_ip) FROM stdin;
1	pbkdf2_sha256$600000$yan3baapw1gmeXLVmKp8Tl$kdIYWSWN80q6Bdp1TV0nQ6tGihkABxHH2TrFIwLFpcU=	2026-05-26 00:01:50.02487-04	t	admin	Ingrid		admin@uptaiet.edu.ve	t	t	2026-05-09 18:41:02-04	admin		t	127.0.0.1
2	pbkdf2_sha256$600000$i0exomGsZUeRbUUIDZeWKD$QkwRPbFmDx/88o++ILCUl3uk6FbbCSpwMKy0iHpI1ik=	\N	f	operador			operador@uptaiet.edu.ve	f	t	2026-05-28 02:02:56.338312-04	operador		t	127.0.0.1
\.


--
-- Data for Name: usuarios_groups; Type: TABLE DATA; Schema: public; Owner: uptaiet_user
--

COPY public.usuarios_groups (id, usuario_id, group_id) FROM stdin;
\.


--
-- Data for Name: usuarios_user_permissions; Type: TABLE DATA; Schema: public; Owner: uptaiet_user
--

COPY public.usuarios_user_permissions (id, usuario_id, permission_id) FROM stdin;
\.


--
-- Name: ausencias_automaticas_id_seq; Type: SEQUENCE SET; Schema: public; Owner: uptaiet_user
--

SELECT pg_catalog.setval('public.ausencias_automaticas_id_seq', 2, true);


--
-- Name: auth_group_id_seq; Type: SEQUENCE SET; Schema: public; Owner: uptaiet_user
--

SELECT pg_catalog.setval('public.auth_group_id_seq', 1, true);


--
-- Name: auth_group_permissions_id_seq; Type: SEQUENCE SET; Schema: public; Owner: uptaiet_user
--

SELECT pg_catalog.setval('public.auth_group_permissions_id_seq', 1, false);


--
-- Name: auth_permission_id_seq; Type: SEQUENCE SET; Schema: public; Owner: uptaiet_user
--

SELECT pg_catalog.setval('public.auth_permission_id_seq', 84, true);


--
-- Name: configuracion_sistema_id_seq; Type: SEQUENCE SET; Schema: public; Owner: uptaiet_user
--

SELECT pg_catalog.setval('public.configuracion_sistema_id_seq', 1, false);


--
-- Name: departamentos_id_seq; Type: SEQUENCE SET; Schema: public; Owner: uptaiet_user
--

SELECT pg_catalog.setval('public.departamentos_id_seq', 5, true);


--
-- Name: dias_feriados_id_seq; Type: SEQUENCE SET; Schema: public; Owner: uptaiet_user
--

SELECT pg_catalog.setval('public.dias_feriados_id_seq', 1, true);


--
-- Name: dispositivos_biometricos_id_seq; Type: SEQUENCE SET; Schema: public; Owner: uptaiet_user
--

SELECT pg_catalog.setval('public.dispositivos_biometricos_id_seq', 2, true);


--
-- Name: django_admin_log_id_seq; Type: SEQUENCE SET; Schema: public; Owner: uptaiet_user
--

SELECT pg_catalog.setval('public.django_admin_log_id_seq', 21, true);


--
-- Name: django_content_type_id_seq; Type: SEQUENCE SET; Schema: public; Owner: uptaiet_user
--

SELECT pg_catalog.setval('public.django_content_type_id_seq', 21, true);


--
-- Name: django_migrations_id_seq; Type: SEQUENCE SET; Schema: public; Owner: uptaiet_user
--

SELECT pg_catalog.setval('public.django_migrations_id_seq', 29, true);


--
-- Name: empleados_id_seq; Type: SEQUENCE SET; Schema: public; Owner: uptaiet_user
--

SELECT pg_catalog.setval('public.empleados_id_seq', 4, true);


--
-- Name: horarios_id_seq; Type: SEQUENCE SET; Schema: public; Owner: uptaiet_user
--

SELECT pg_catalog.setval('public.horarios_id_seq', 13, true);


--
-- Name: huellas_digitales_id_seq; Type: SEQUENCE SET; Schema: public; Owner: uptaiet_user
--

SELECT pg_catalog.setval('public.huellas_digitales_id_seq', 26, true);


--
-- Name: log_auditoria_id_seq; Type: SEQUENCE SET; Schema: public; Owner: uptaiet_user
--

SELECT pg_catalog.setval('public.log_auditoria_id_seq', 1, false);


--
-- Name: permisos_empleados_id_seq; Type: SEQUENCE SET; Schema: public; Owner: uptaiet_user
--

SELECT pg_catalog.setval('public.permisos_empleados_id_seq', 7, true);


--
-- Name: permisos_modulos_id_seq; Type: SEQUENCE SET; Schema: public; Owner: uptaiet_user
--

SELECT pg_catalog.setval('public.permisos_modulos_id_seq', 53, true);


--
-- Name: pins_seguridad_id_seq; Type: SEQUENCE SET; Schema: public; Owner: uptaiet_user
--

SELECT pg_catalog.setval('public.pins_seguridad_id_seq', 1, true);


--
-- Name: preguntas_seguridad_id_seq; Type: SEQUENCE SET; Schema: public; Owner: uptaiet_user
--

SELECT pg_catalog.setval('public.preguntas_seguridad_id_seq', 1, true);


--
-- Name: registros_asistencia_id_seq; Type: SEQUENCE SET; Schema: public; Owner: uptaiet_user
--

SELECT pg_catalog.setval('public.registros_asistencia_id_seq', 54, true);


--
-- Name: tokens_recuperacion_id_seq; Type: SEQUENCE SET; Schema: public; Owner: uptaiet_user
--

SELECT pg_catalog.setval('public.tokens_recuperacion_id_seq', 1, true);


--
-- Name: usuarios_groups_id_seq; Type: SEQUENCE SET; Schema: public; Owner: uptaiet_user
--

SELECT pg_catalog.setval('public.usuarios_groups_id_seq', 1, false);


--
-- Name: usuarios_id_seq; Type: SEQUENCE SET; Schema: public; Owner: uptaiet_user
--

SELECT pg_catalog.setval('public.usuarios_id_seq', 2, true);


--
-- Name: usuarios_user_permissions_id_seq; Type: SEQUENCE SET; Schema: public; Owner: uptaiet_user
--

SELECT pg_catalog.setval('public.usuarios_user_permissions_id_seq', 1, false);


--
-- Name: ausencias_automaticas ausencias_automaticas_empleado_id_fecha_c337b5ab_uniq; Type: CONSTRAINT; Schema: public; Owner: uptaiet_user
--

ALTER TABLE ONLY public.ausencias_automaticas
    ADD CONSTRAINT ausencias_automaticas_empleado_id_fecha_c337b5ab_uniq UNIQUE (empleado_id, fecha);


--
-- Name: ausencias_automaticas ausencias_automaticas_pkey; Type: CONSTRAINT; Schema: public; Owner: uptaiet_user
--

ALTER TABLE ONLY public.ausencias_automaticas
    ADD CONSTRAINT ausencias_automaticas_pkey PRIMARY KEY (id);


--
-- Name: auth_group auth_group_name_key; Type: CONSTRAINT; Schema: public; Owner: uptaiet_user
--

ALTER TABLE ONLY public.auth_group
    ADD CONSTRAINT auth_group_name_key UNIQUE (name);


--
-- Name: auth_group_permissions auth_group_permissions_group_id_permission_id_0cd325b0_uniq; Type: CONSTRAINT; Schema: public; Owner: uptaiet_user
--

ALTER TABLE ONLY public.auth_group_permissions
    ADD CONSTRAINT auth_group_permissions_group_id_permission_id_0cd325b0_uniq UNIQUE (group_id, permission_id);


--
-- Name: auth_group_permissions auth_group_permissions_pkey; Type: CONSTRAINT; Schema: public; Owner: uptaiet_user
--

ALTER TABLE ONLY public.auth_group_permissions
    ADD CONSTRAINT auth_group_permissions_pkey PRIMARY KEY (id);


--
-- Name: auth_group auth_group_pkey; Type: CONSTRAINT; Schema: public; Owner: uptaiet_user
--

ALTER TABLE ONLY public.auth_group
    ADD CONSTRAINT auth_group_pkey PRIMARY KEY (id);


--
-- Name: auth_permission auth_permission_content_type_id_codename_01ab375a_uniq; Type: CONSTRAINT; Schema: public; Owner: uptaiet_user
--

ALTER TABLE ONLY public.auth_permission
    ADD CONSTRAINT auth_permission_content_type_id_codename_01ab375a_uniq UNIQUE (content_type_id, codename);


--
-- Name: auth_permission auth_permission_pkey; Type: CONSTRAINT; Schema: public; Owner: uptaiet_user
--

ALTER TABLE ONLY public.auth_permission
    ADD CONSTRAINT auth_permission_pkey PRIMARY KEY (id);


--
-- Name: configuracion_sistema configuracion_sistema_pkey; Type: CONSTRAINT; Schema: public; Owner: uptaiet_user
--

ALTER TABLE ONLY public.configuracion_sistema
    ADD CONSTRAINT configuracion_sistema_pkey PRIMARY KEY (id);


--
-- Name: departamentos departamentos_codigo_key; Type: CONSTRAINT; Schema: public; Owner: uptaiet_user
--

ALTER TABLE ONLY public.departamentos
    ADD CONSTRAINT departamentos_codigo_key UNIQUE (codigo);


--
-- Name: departamentos departamentos_pkey; Type: CONSTRAINT; Schema: public; Owner: uptaiet_user
--

ALTER TABLE ONLY public.departamentos
    ADD CONSTRAINT departamentos_pkey PRIMARY KEY (id);


--
-- Name: dias_feriados dias_feriados_fecha_key; Type: CONSTRAINT; Schema: public; Owner: uptaiet_user
--

ALTER TABLE ONLY public.dias_feriados
    ADD CONSTRAINT dias_feriados_fecha_key UNIQUE (fecha);


--
-- Name: dias_feriados dias_feriados_pkey; Type: CONSTRAINT; Schema: public; Owner: uptaiet_user
--

ALTER TABLE ONLY public.dias_feriados
    ADD CONSTRAINT dias_feriados_pkey PRIMARY KEY (id);


--
-- Name: dispositivos_biometricos dispositivos_biometricos_numero_serie_key; Type: CONSTRAINT; Schema: public; Owner: uptaiet_user
--

ALTER TABLE ONLY public.dispositivos_biometricos
    ADD CONSTRAINT dispositivos_biometricos_numero_serie_key UNIQUE (numero_serie);


--
-- Name: dispositivos_biometricos dispositivos_biometricos_pkey; Type: CONSTRAINT; Schema: public; Owner: uptaiet_user
--

ALTER TABLE ONLY public.dispositivos_biometricos
    ADD CONSTRAINT dispositivos_biometricos_pkey PRIMARY KEY (id);


--
-- Name: django_admin_log django_admin_log_pkey; Type: CONSTRAINT; Schema: public; Owner: uptaiet_user
--

ALTER TABLE ONLY public.django_admin_log
    ADD CONSTRAINT django_admin_log_pkey PRIMARY KEY (id);


--
-- Name: django_content_type django_content_type_app_label_model_76bd3d3b_uniq; Type: CONSTRAINT; Schema: public; Owner: uptaiet_user
--

ALTER TABLE ONLY public.django_content_type
    ADD CONSTRAINT django_content_type_app_label_model_76bd3d3b_uniq UNIQUE (app_label, model);


--
-- Name: django_content_type django_content_type_pkey; Type: CONSTRAINT; Schema: public; Owner: uptaiet_user
--

ALTER TABLE ONLY public.django_content_type
    ADD CONSTRAINT django_content_type_pkey PRIMARY KEY (id);


--
-- Name: django_migrations django_migrations_pkey; Type: CONSTRAINT; Schema: public; Owner: uptaiet_user
--

ALTER TABLE ONLY public.django_migrations
    ADD CONSTRAINT django_migrations_pkey PRIMARY KEY (id);


--
-- Name: django_session django_session_pkey; Type: CONSTRAINT; Schema: public; Owner: uptaiet_user
--

ALTER TABLE ONLY public.django_session
    ADD CONSTRAINT django_session_pkey PRIMARY KEY (session_key);


--
-- Name: empleados empleados_cedula_key; Type: CONSTRAINT; Schema: public; Owner: uptaiet_user
--

ALTER TABLE ONLY public.empleados
    ADD CONSTRAINT empleados_cedula_key UNIQUE (cedula);


--
-- Name: empleados empleados_email_key; Type: CONSTRAINT; Schema: public; Owner: uptaiet_user
--

ALTER TABLE ONLY public.empleados
    ADD CONSTRAINT empleados_email_key UNIQUE (email);


--
-- Name: empleados empleados_pkey; Type: CONSTRAINT; Schema: public; Owner: uptaiet_user
--

ALTER TABLE ONLY public.empleados
    ADD CONSTRAINT empleados_pkey PRIMARY KEY (id);


--
-- Name: horarios horarios_empleado_id_dia_b5146ffb_uniq; Type: CONSTRAINT; Schema: public; Owner: uptaiet_user
--

ALTER TABLE ONLY public.horarios
    ADD CONSTRAINT horarios_empleado_id_dia_b5146ffb_uniq UNIQUE (empleado_id, dia);


--
-- Name: horarios horarios_pkey; Type: CONSTRAINT; Schema: public; Owner: uptaiet_user
--

ALTER TABLE ONLY public.horarios
    ADD CONSTRAINT horarios_pkey PRIMARY KEY (id);


--
-- Name: huellas_digitales huellas_digitales_empleado_id_numero_dedo_01eab8d2_uniq; Type: CONSTRAINT; Schema: public; Owner: uptaiet_user
--

ALTER TABLE ONLY public.huellas_digitales
    ADD CONSTRAINT huellas_digitales_empleado_id_numero_dedo_01eab8d2_uniq UNIQUE (empleado_id, numero_dedo);


--
-- Name: huellas_digitales huellas_digitales_pkey; Type: CONSTRAINT; Schema: public; Owner: uptaiet_user
--

ALTER TABLE ONLY public.huellas_digitales
    ADD CONSTRAINT huellas_digitales_pkey PRIMARY KEY (id);


--
-- Name: log_auditoria log_auditoria_pkey; Type: CONSTRAINT; Schema: public; Owner: uptaiet_user
--

ALTER TABLE ONLY public.log_auditoria
    ADD CONSTRAINT log_auditoria_pkey PRIMARY KEY (id);


--
-- Name: permisos_empleados permisos_empleados_pkey; Type: CONSTRAINT; Schema: public; Owner: uptaiet_user
--

ALTER TABLE ONLY public.permisos_empleados
    ADD CONSTRAINT permisos_empleados_pkey PRIMARY KEY (id);


--
-- Name: permisos_modulos permisos_modulos_pkey; Type: CONSTRAINT; Schema: public; Owner: uptaiet_user
--

ALTER TABLE ONLY public.permisos_modulos
    ADD CONSTRAINT permisos_modulos_pkey PRIMARY KEY (id);


--
-- Name: permisos_modulos permisos_modulos_usuario_id_modulo_eb0527be_uniq; Type: CONSTRAINT; Schema: public; Owner: uptaiet_user
--

ALTER TABLE ONLY public.permisos_modulos
    ADD CONSTRAINT permisos_modulos_usuario_id_modulo_eb0527be_uniq UNIQUE (usuario_id, modulo);


--
-- Name: pins_seguridad pins_seguridad_pkey; Type: CONSTRAINT; Schema: public; Owner: uptaiet_user
--

ALTER TABLE ONLY public.pins_seguridad
    ADD CONSTRAINT pins_seguridad_pkey PRIMARY KEY (id);


--
-- Name: pins_seguridad pins_seguridad_usuario_id_key; Type: CONSTRAINT; Schema: public; Owner: uptaiet_user
--

ALTER TABLE ONLY public.pins_seguridad
    ADD CONSTRAINT pins_seguridad_usuario_id_key UNIQUE (usuario_id);


--
-- Name: preguntas_seguridad preguntas_seguridad_pkey; Type: CONSTRAINT; Schema: public; Owner: uptaiet_user
--

ALTER TABLE ONLY public.preguntas_seguridad
    ADD CONSTRAINT preguntas_seguridad_pkey PRIMARY KEY (id);


--
-- Name: preguntas_seguridad preguntas_seguridad_usuario_id_key; Type: CONSTRAINT; Schema: public; Owner: uptaiet_user
--

ALTER TABLE ONLY public.preguntas_seguridad
    ADD CONSTRAINT preguntas_seguridad_usuario_id_key UNIQUE (usuario_id);


--
-- Name: registros_asistencia registros_asistencia_pkey; Type: CONSTRAINT; Schema: public; Owner: uptaiet_user
--

ALTER TABLE ONLY public.registros_asistencia
    ADD CONSTRAINT registros_asistencia_pkey PRIMARY KEY (id);


--
-- Name: tokens_recuperacion tokens_recuperacion_pkey; Type: CONSTRAINT; Schema: public; Owner: uptaiet_user
--

ALTER TABLE ONLY public.tokens_recuperacion
    ADD CONSTRAINT tokens_recuperacion_pkey PRIMARY KEY (id);


--
-- Name: tokens_recuperacion tokens_recuperacion_token_key; Type: CONSTRAINT; Schema: public; Owner: uptaiet_user
--

ALTER TABLE ONLY public.tokens_recuperacion
    ADD CONSTRAINT tokens_recuperacion_token_key UNIQUE (token);


--
-- Name: usuarios_groups usuarios_groups_pkey; Type: CONSTRAINT; Schema: public; Owner: uptaiet_user
--

ALTER TABLE ONLY public.usuarios_groups
    ADD CONSTRAINT usuarios_groups_pkey PRIMARY KEY (id);


--
-- Name: usuarios_groups usuarios_groups_usuario_id_group_id_a66c5ef3_uniq; Type: CONSTRAINT; Schema: public; Owner: uptaiet_user
--

ALTER TABLE ONLY public.usuarios_groups
    ADD CONSTRAINT usuarios_groups_usuario_id_group_id_a66c5ef3_uniq UNIQUE (usuario_id, group_id);


--
-- Name: usuarios usuarios_pkey; Type: CONSTRAINT; Schema: public; Owner: uptaiet_user
--

ALTER TABLE ONLY public.usuarios
    ADD CONSTRAINT usuarios_pkey PRIMARY KEY (id);


--
-- Name: usuarios_user_permissions usuarios_user_permission_usuario_id_permission_id_474b33a5_uniq; Type: CONSTRAINT; Schema: public; Owner: uptaiet_user
--

ALTER TABLE ONLY public.usuarios_user_permissions
    ADD CONSTRAINT usuarios_user_permission_usuario_id_permission_id_474b33a5_uniq UNIQUE (usuario_id, permission_id);


--
-- Name: usuarios_user_permissions usuarios_user_permissions_pkey; Type: CONSTRAINT; Schema: public; Owner: uptaiet_user
--

ALTER TABLE ONLY public.usuarios_user_permissions
    ADD CONSTRAINT usuarios_user_permissions_pkey PRIMARY KEY (id);


--
-- Name: usuarios usuarios_username_key; Type: CONSTRAINT; Schema: public; Owner: uptaiet_user
--

ALTER TABLE ONLY public.usuarios
    ADD CONSTRAINT usuarios_username_key UNIQUE (username);


--
-- Name: ausencias_automaticas_empleado_id_69217a91; Type: INDEX; Schema: public; Owner: uptaiet_user
--

CREATE INDEX ausencias_automaticas_empleado_id_69217a91 ON public.ausencias_automaticas USING btree (empleado_id);


--
-- Name: auth_group_name_a6ea08ec_like; Type: INDEX; Schema: public; Owner: uptaiet_user
--

CREATE INDEX auth_group_name_a6ea08ec_like ON public.auth_group USING btree (name varchar_pattern_ops);


--
-- Name: auth_group_permissions_group_id_b120cbf9; Type: INDEX; Schema: public; Owner: uptaiet_user
--

CREATE INDEX auth_group_permissions_group_id_b120cbf9 ON public.auth_group_permissions USING btree (group_id);


--
-- Name: auth_group_permissions_permission_id_84c5c92e; Type: INDEX; Schema: public; Owner: uptaiet_user
--

CREATE INDEX auth_group_permissions_permission_id_84c5c92e ON public.auth_group_permissions USING btree (permission_id);


--
-- Name: auth_permission_content_type_id_2f476e4b; Type: INDEX; Schema: public; Owner: uptaiet_user
--

CREATE INDEX auth_permission_content_type_id_2f476e4b ON public.auth_permission USING btree (content_type_id);


--
-- Name: configuracion_sistema_updated_by_id_0d2c098b; Type: INDEX; Schema: public; Owner: uptaiet_user
--

CREATE INDEX configuracion_sistema_updated_by_id_0d2c098b ON public.configuracion_sistema USING btree (updated_by_id);


--
-- Name: departamentos_codigo_95689ba6_like; Type: INDEX; Schema: public; Owner: uptaiet_user
--

CREATE INDEX departamentos_codigo_95689ba6_like ON public.departamentos USING btree (codigo varchar_pattern_ops);


--
-- Name: dispositivos_biometricos_numero_serie_e65bc4e1_like; Type: INDEX; Schema: public; Owner: uptaiet_user
--

CREATE INDEX dispositivos_biometricos_numero_serie_e65bc4e1_like ON public.dispositivos_biometricos USING btree (numero_serie varchar_pattern_ops);


--
-- Name: django_admin_log_content_type_id_c4bce8eb; Type: INDEX; Schema: public; Owner: uptaiet_user
--

CREATE INDEX django_admin_log_content_type_id_c4bce8eb ON public.django_admin_log USING btree (content_type_id);


--
-- Name: django_admin_log_user_id_c564eba6; Type: INDEX; Schema: public; Owner: uptaiet_user
--

CREATE INDEX django_admin_log_user_id_c564eba6 ON public.django_admin_log USING btree (user_id);


--
-- Name: django_session_expire_date_a5c62663; Type: INDEX; Schema: public; Owner: uptaiet_user
--

CREATE INDEX django_session_expire_date_a5c62663 ON public.django_session USING btree (expire_date);


--
-- Name: django_session_session_key_c0390e0f_like; Type: INDEX; Schema: public; Owner: uptaiet_user
--

CREATE INDEX django_session_session_key_c0390e0f_like ON public.django_session USING btree (session_key varchar_pattern_ops);


--
-- Name: empleados_Departamento_id_5cd9145f; Type: INDEX; Schema: public; Owner: uptaiet_user
--

CREATE INDEX "empleados_Departamento_id_5cd9145f" ON public.empleados USING btree (departamento_id);


--
-- Name: empleados_activo_8ab26a_idx; Type: INDEX; Schema: public; Owner: uptaiet_user
--

CREATE INDEX empleados_activo_8ab26a_idx ON public.empleados USING btree (activo);


--
-- Name: empleados_cedula_186ec8_idx; Type: INDEX; Schema: public; Owner: uptaiet_user
--

CREATE INDEX empleados_cedula_186ec8_idx ON public.empleados USING btree (cedula);


--
-- Name: empleados_cedula_fc286cce_like; Type: INDEX; Schema: public; Owner: uptaiet_user
--

CREATE INDEX empleados_cedula_fc286cce_like ON public.empleados USING btree (cedula varchar_pattern_ops);


--
-- Name: empleados_email_4c970abf_like; Type: INDEX; Schema: public; Owner: uptaiet_user
--

CREATE INDEX empleados_email_4c970abf_like ON public.empleados USING btree (email varchar_pattern_ops);


--
-- Name: empleados_tipo_15eb8b_idx; Type: INDEX; Schema: public; Owner: uptaiet_user
--

CREATE INDEX empleados_tipo_15eb8b_idx ON public.empleados USING btree (tipo);


--
-- Name: horarios_empleado_id_87d9be9e; Type: INDEX; Schema: public; Owner: uptaiet_user
--

CREATE INDEX horarios_empleado_id_87d9be9e ON public.horarios USING btree (empleado_id);


--
-- Name: huellas_digitales_empleado_id_5c0cf3b1; Type: INDEX; Schema: public; Owner: uptaiet_user
--

CREATE INDEX huellas_digitales_empleado_id_5c0cf3b1 ON public.huellas_digitales USING btree (empleado_id);


--
-- Name: huellas_digitales_registrado_por_id_c9068b07; Type: INDEX; Schema: public; Owner: uptaiet_user
--

CREATE INDEX huellas_digitales_registrado_por_id_c9068b07 ON public.huellas_digitales USING btree (registrado_por_id);


--
-- Name: log_auditoria_usuario_id_7d8c7c95; Type: INDEX; Schema: public; Owner: uptaiet_user
--

CREATE INDEX log_auditoria_usuario_id_7d8c7c95 ON public.log_auditoria USING btree (usuario_id);


--
-- Name: permisos_empleados_aprobado_por_id_505c5d17; Type: INDEX; Schema: public; Owner: uptaiet_user
--

CREATE INDEX permisos_empleados_aprobado_por_id_505c5d17 ON public.permisos_empleados USING btree (aprobado_por_id);


--
-- Name: permisos_empleados_empleado_id_22687ae7; Type: INDEX; Schema: public; Owner: uptaiet_user
--

CREATE INDEX permisos_empleados_empleado_id_22687ae7 ON public.permisos_empleados USING btree (empleado_id);


--
-- Name: permisos_modulos_usuario_id_c6713ee9; Type: INDEX; Schema: public; Owner: uptaiet_user
--

CREATE INDEX permisos_modulos_usuario_id_c6713ee9 ON public.permisos_modulos USING btree (usuario_id);


--
-- Name: registros_a_emplead_609cb8_idx; Type: INDEX; Schema: public; Owner: uptaiet_user
--

CREATE INDEX registros_a_emplead_609cb8_idx ON public.registros_asistencia USING btree (empleado_id, "timestamp");


--
-- Name: registros_a_timesta_af9283_idx; Type: INDEX; Schema: public; Owner: uptaiet_user
--

CREATE INDEX registros_a_timesta_af9283_idx ON public.registros_asistencia USING btree ("timestamp");


--
-- Name: registros_a_tipo_85c853_idx; Type: INDEX; Schema: public; Owner: uptaiet_user
--

CREATE INDEX registros_a_tipo_85c853_idx ON public.registros_asistencia USING btree (tipo);


--
-- Name: registros_asistencia_dispositivo_id_4a777d9b; Type: INDEX; Schema: public; Owner: uptaiet_user
--

CREATE INDEX registros_asistencia_dispositivo_id_4a777d9b ON public.registros_asistencia USING btree (dispositivo_id);


--
-- Name: registros_asistencia_empleado_id_d3740510; Type: INDEX; Schema: public; Owner: uptaiet_user
--

CREATE INDEX registros_asistencia_empleado_id_d3740510 ON public.registros_asistencia USING btree (empleado_id);


--
-- Name: tokens_recuperacion_token_5d5bb14e_like; Type: INDEX; Schema: public; Owner: uptaiet_user
--

CREATE INDEX tokens_recuperacion_token_5d5bb14e_like ON public.tokens_recuperacion USING btree (token varchar_pattern_ops);


--
-- Name: tokens_recuperacion_usuario_id_276f2264; Type: INDEX; Schema: public; Owner: uptaiet_user
--

CREATE INDEX tokens_recuperacion_usuario_id_276f2264 ON public.tokens_recuperacion USING btree (usuario_id);


--
-- Name: usuarios_groups_group_id_18c61092; Type: INDEX; Schema: public; Owner: uptaiet_user
--

CREATE INDEX usuarios_groups_group_id_18c61092 ON public.usuarios_groups USING btree (group_id);


--
-- Name: usuarios_groups_usuario_id_1132ca50; Type: INDEX; Schema: public; Owner: uptaiet_user
--

CREATE INDEX usuarios_groups_usuario_id_1132ca50 ON public.usuarios_groups USING btree (usuario_id);


--
-- Name: usuarios_user_permissions_permission_id_af615ca1; Type: INDEX; Schema: public; Owner: uptaiet_user
--

CREATE INDEX usuarios_user_permissions_permission_id_af615ca1 ON public.usuarios_user_permissions USING btree (permission_id);


--
-- Name: usuarios_user_permissions_usuario_id_232fd58d; Type: INDEX; Schema: public; Owner: uptaiet_user
--

CREATE INDEX usuarios_user_permissions_usuario_id_232fd58d ON public.usuarios_user_permissions USING btree (usuario_id);


--
-- Name: usuarios_username_50482a29_like; Type: INDEX; Schema: public; Owner: uptaiet_user
--

CREATE INDEX usuarios_username_50482a29_like ON public.usuarios USING btree (username varchar_pattern_ops);


--
-- Name: ausencias_automaticas ausencias_automaticas_empleado_id_69217a91_fk_empleados_id; Type: FK CONSTRAINT; Schema: public; Owner: uptaiet_user
--

ALTER TABLE ONLY public.ausencias_automaticas
    ADD CONSTRAINT ausencias_automaticas_empleado_id_69217a91_fk_empleados_id FOREIGN KEY (empleado_id) REFERENCES public.empleados(id) DEFERRABLE INITIALLY DEFERRED;


--
-- Name: auth_group_permissions auth_group_permissio_permission_id_84c5c92e_fk_auth_perm; Type: FK CONSTRAINT; Schema: public; Owner: uptaiet_user
--

ALTER TABLE ONLY public.auth_group_permissions
    ADD CONSTRAINT auth_group_permissio_permission_id_84c5c92e_fk_auth_perm FOREIGN KEY (permission_id) REFERENCES public.auth_permission(id) DEFERRABLE INITIALLY DEFERRED;


--
-- Name: auth_group_permissions auth_group_permissions_group_id_b120cbf9_fk_auth_group_id; Type: FK CONSTRAINT; Schema: public; Owner: uptaiet_user
--

ALTER TABLE ONLY public.auth_group_permissions
    ADD CONSTRAINT auth_group_permissions_group_id_b120cbf9_fk_auth_group_id FOREIGN KEY (group_id) REFERENCES public.auth_group(id) DEFERRABLE INITIALLY DEFERRED;


--
-- Name: auth_permission auth_permission_content_type_id_2f476e4b_fk_django_co; Type: FK CONSTRAINT; Schema: public; Owner: uptaiet_user
--

ALTER TABLE ONLY public.auth_permission
    ADD CONSTRAINT auth_permission_content_type_id_2f476e4b_fk_django_co FOREIGN KEY (content_type_id) REFERENCES public.django_content_type(id) DEFERRABLE INITIALLY DEFERRED;


--
-- Name: configuracion_sistema configuracion_sistema_updated_by_id_0d2c098b_fk_usuarios_id; Type: FK CONSTRAINT; Schema: public; Owner: uptaiet_user
--

ALTER TABLE ONLY public.configuracion_sistema
    ADD CONSTRAINT configuracion_sistema_updated_by_id_0d2c098b_fk_usuarios_id FOREIGN KEY (updated_by_id) REFERENCES public.usuarios(id) DEFERRABLE INITIALLY DEFERRED;


--
-- Name: django_admin_log django_admin_log_content_type_id_c4bce8eb_fk_django_co; Type: FK CONSTRAINT; Schema: public; Owner: uptaiet_user
--

ALTER TABLE ONLY public.django_admin_log
    ADD CONSTRAINT django_admin_log_content_type_id_c4bce8eb_fk_django_co FOREIGN KEY (content_type_id) REFERENCES public.django_content_type(id) DEFERRABLE INITIALLY DEFERRED;


--
-- Name: django_admin_log django_admin_log_user_id_c564eba6_fk_usuarios_id; Type: FK CONSTRAINT; Schema: public; Owner: uptaiet_user
--

ALTER TABLE ONLY public.django_admin_log
    ADD CONSTRAINT django_admin_log_user_id_c564eba6_fk_usuarios_id FOREIGN KEY (user_id) REFERENCES public.usuarios(id) DEFERRABLE INITIALLY DEFERRED;


--
-- Name: empleados empleados_departamento_id_428d31a7_fk_departamentos_id; Type: FK CONSTRAINT; Schema: public; Owner: uptaiet_user
--

ALTER TABLE ONLY public.empleados
    ADD CONSTRAINT empleados_departamento_id_428d31a7_fk_departamentos_id FOREIGN KEY (departamento_id) REFERENCES public.departamentos(id) DEFERRABLE INITIALLY DEFERRED;


--
-- Name: horarios horarios_empleado_id_87d9be9e_fk_empleados_id; Type: FK CONSTRAINT; Schema: public; Owner: uptaiet_user
--

ALTER TABLE ONLY public.horarios
    ADD CONSTRAINT horarios_empleado_id_87d9be9e_fk_empleados_id FOREIGN KEY (empleado_id) REFERENCES public.empleados(id) DEFERRABLE INITIALLY DEFERRED;


--
-- Name: huellas_digitales huellas_digitales_empleado_id_5c0cf3b1_fk_empleados_id; Type: FK CONSTRAINT; Schema: public; Owner: uptaiet_user
--

ALTER TABLE ONLY public.huellas_digitales
    ADD CONSTRAINT huellas_digitales_empleado_id_5c0cf3b1_fk_empleados_id FOREIGN KEY (empleado_id) REFERENCES public.empleados(id) DEFERRABLE INITIALLY DEFERRED;


--
-- Name: huellas_digitales huellas_digitales_registrado_por_id_c9068b07_fk_usuarios_id; Type: FK CONSTRAINT; Schema: public; Owner: uptaiet_user
--

ALTER TABLE ONLY public.huellas_digitales
    ADD CONSTRAINT huellas_digitales_registrado_por_id_c9068b07_fk_usuarios_id FOREIGN KEY (registrado_por_id) REFERENCES public.usuarios(id) DEFERRABLE INITIALLY DEFERRED;


--
-- Name: log_auditoria log_auditoria_usuario_id_7d8c7c95_fk_usuarios_id; Type: FK CONSTRAINT; Schema: public; Owner: uptaiet_user
--

ALTER TABLE ONLY public.log_auditoria
    ADD CONSTRAINT log_auditoria_usuario_id_7d8c7c95_fk_usuarios_id FOREIGN KEY (usuario_id) REFERENCES public.usuarios(id) DEFERRABLE INITIALLY DEFERRED;


--
-- Name: permisos_empleados permisos_empleados_aprobado_por_id_505c5d17_fk_usuarios_id; Type: FK CONSTRAINT; Schema: public; Owner: uptaiet_user
--

ALTER TABLE ONLY public.permisos_empleados
    ADD CONSTRAINT permisos_empleados_aprobado_por_id_505c5d17_fk_usuarios_id FOREIGN KEY (aprobado_por_id) REFERENCES public.usuarios(id) DEFERRABLE INITIALLY DEFERRED;


--
-- Name: permisos_empleados permisos_empleados_empleado_id_22687ae7_fk_empleados_id; Type: FK CONSTRAINT; Schema: public; Owner: uptaiet_user
--

ALTER TABLE ONLY public.permisos_empleados
    ADD CONSTRAINT permisos_empleados_empleado_id_22687ae7_fk_empleados_id FOREIGN KEY (empleado_id) REFERENCES public.empleados(id) DEFERRABLE INITIALLY DEFERRED;


--
-- Name: permisos_modulos permisos_modulos_usuario_id_c6713ee9_fk_usuarios_id; Type: FK CONSTRAINT; Schema: public; Owner: uptaiet_user
--

ALTER TABLE ONLY public.permisos_modulos
    ADD CONSTRAINT permisos_modulos_usuario_id_c6713ee9_fk_usuarios_id FOREIGN KEY (usuario_id) REFERENCES public.usuarios(id) DEFERRABLE INITIALLY DEFERRED;


--
-- Name: pins_seguridad pins_seguridad_usuario_id_7d1b94f6_fk_usuarios_id; Type: FK CONSTRAINT; Schema: public; Owner: uptaiet_user
--

ALTER TABLE ONLY public.pins_seguridad
    ADD CONSTRAINT pins_seguridad_usuario_id_7d1b94f6_fk_usuarios_id FOREIGN KEY (usuario_id) REFERENCES public.usuarios(id) DEFERRABLE INITIALLY DEFERRED;


--
-- Name: preguntas_seguridad preguntas_seguridad_usuario_id_aa7fd363_fk_usuarios_id; Type: FK CONSTRAINT; Schema: public; Owner: uptaiet_user
--

ALTER TABLE ONLY public.preguntas_seguridad
    ADD CONSTRAINT preguntas_seguridad_usuario_id_aa7fd363_fk_usuarios_id FOREIGN KEY (usuario_id) REFERENCES public.usuarios(id) DEFERRABLE INITIALLY DEFERRED;


--
-- Name: registros_asistencia registros_asistencia_dispositivo_id_4a777d9b_fk_dispositi; Type: FK CONSTRAINT; Schema: public; Owner: uptaiet_user
--

ALTER TABLE ONLY public.registros_asistencia
    ADD CONSTRAINT registros_asistencia_dispositivo_id_4a777d9b_fk_dispositi FOREIGN KEY (dispositivo_id) REFERENCES public.dispositivos_biometricos(id) DEFERRABLE INITIALLY DEFERRED;


--
-- Name: registros_asistencia registros_asistencia_empleado_id_d3740510_fk_empleados_id; Type: FK CONSTRAINT; Schema: public; Owner: uptaiet_user
--

ALTER TABLE ONLY public.registros_asistencia
    ADD CONSTRAINT registros_asistencia_empleado_id_d3740510_fk_empleados_id FOREIGN KEY (empleado_id) REFERENCES public.empleados(id) DEFERRABLE INITIALLY DEFERRED;


--
-- Name: tokens_recuperacion tokens_recuperacion_usuario_id_276f2264_fk_usuarios_id; Type: FK CONSTRAINT; Schema: public; Owner: uptaiet_user
--

ALTER TABLE ONLY public.tokens_recuperacion
    ADD CONSTRAINT tokens_recuperacion_usuario_id_276f2264_fk_usuarios_id FOREIGN KEY (usuario_id) REFERENCES public.usuarios(id) DEFERRABLE INITIALLY DEFERRED;


--
-- Name: usuarios_groups usuarios_groups_group_id_18c61092_fk_auth_group_id; Type: FK CONSTRAINT; Schema: public; Owner: uptaiet_user
--

ALTER TABLE ONLY public.usuarios_groups
    ADD CONSTRAINT usuarios_groups_group_id_18c61092_fk_auth_group_id FOREIGN KEY (group_id) REFERENCES public.auth_group(id) DEFERRABLE INITIALLY DEFERRED;


--
-- Name: usuarios_groups usuarios_groups_usuario_id_1132ca50_fk_usuarios_id; Type: FK CONSTRAINT; Schema: public; Owner: uptaiet_user
--

ALTER TABLE ONLY public.usuarios_groups
    ADD CONSTRAINT usuarios_groups_usuario_id_1132ca50_fk_usuarios_id FOREIGN KEY (usuario_id) REFERENCES public.usuarios(id) DEFERRABLE INITIALLY DEFERRED;


--
-- Name: usuarios_user_permissions usuarios_user_permis_permission_id_af615ca1_fk_auth_perm; Type: FK CONSTRAINT; Schema: public; Owner: uptaiet_user
--

ALTER TABLE ONLY public.usuarios_user_permissions
    ADD CONSTRAINT usuarios_user_permis_permission_id_af615ca1_fk_auth_perm FOREIGN KEY (permission_id) REFERENCES public.auth_permission(id) DEFERRABLE INITIALLY DEFERRED;


--
-- Name: usuarios_user_permissions usuarios_user_permissions_usuario_id_232fd58d_fk_usuarios_id; Type: FK CONSTRAINT; Schema: public; Owner: uptaiet_user
--

ALTER TABLE ONLY public.usuarios_user_permissions
    ADD CONSTRAINT usuarios_user_permissions_usuario_id_232fd58d_fk_usuarios_id FOREIGN KEY (usuario_id) REFERENCES public.usuarios(id) DEFERRABLE INITIALLY DEFERRED;


--
-- PostgreSQL database dump complete
--

\unrestrict EpnQFtpB8h7z9MvraQ27aHjV6PnsNVOcBpX7cNP8luJSJAED4ZwklqliLhIG0BF

